domain,matrix,n,nnz,strict_diag_dominant,weak_diag_dominant,l_matrix,symmetric,spd,h_matrix,m_matrix,property_a_proxy,rho_jacobi,rho_gauss_seidel,rho_comparison,hypothesis_class,jacobi_converges_predicted,gs_converges_predicted,jacobi_verdict,gs_verdict,jacobi_iterations_needed,gs_iterations_needed,optimal_omega,rho_jacobi_method,rho_gs_method,status,seconds
random_matrices,rand_001_n5,5.0,25.0,False,False,False,False,False,False,False,False,1.2564001629843287,1.9038686704045613,3.0827177189014696,none,False,False,diverges,diverges,inf,inf,,exact_eig,exact_eig,analysed,0.04659311800003252
chemical_process_simulation_problem,b1_ss,7.0,15.0,False,False,False,False,False,False,False,False,,,,none,False,False,diverges,diverges,inf,inf,,not_applicable,not_applicable,analysed,0.008670124999980544
random_matrices,rand_002_n6,6.0,36.0,False,False,False,False,False,False,False,False,6.435229267049603,18.622393070663055,9.77068700757663,none,False,False,diverges,diverges,inf,inf,,exact_eig,exact_eig,analysed,0.0101343999999699
directed_weighted_graph,cage3,5.0,19.0,False,False,False,False,False,False,False,False,1.128364250384958,0.6297057673394028,1.128364250384958,none,False,True,diverges,converges,inf,39.828274604967994,,exact_eig,exact_eig,analysed,0.00984582300003467
random_matrices,rand_003_n7,7.0,49.0,False,False,False,False,False,False,False,False,30.95978446258981,2589.9825241779677,42.846735750209305,none,False,False,diverges,diverges,inf,inf,,exact_eig,exact_eig,analysed,0.008282853999958206
model_reduction_problem,LFAT5,14.0,46.0,False,False,False,True,True,False,False,True,0.9868692825976214,0.9739109809347408,1.3631516758659015,spd,True,True,converges,converges,1393.6387012537268,696.8193506267788,1.7218802558246302,exact_eig,exact_eig,analysed,0.014238984999963122
random_matrices,rand_004_n8,8.0,64.0,False,False,False,False,False,False,False,False,14.062289329112726,1680.0163657928017,21.660922802733158,none,False,False,diverges,diverges,inf,inf,,exact_eig,exact_eig,analysed,0.00832420900002262
directed_weighted_graph,cage4,9.0,49.0,False,False,False,False,False,False,False,False,1.169011133896328,0.5486703965502153,1.169011133896328,none,False,True,diverges,converges,inf,30.68797002998572,,exact_eig,exact_eig,analysed,0.009673786000007567
model_reduction_problem,LF10,18.0,82.0,False,False,False,True,True,False,False,True,0.9994055509765215,0.9988114553226835,1.5730955692481259,spd,True,True,too_slow,too_slow,30978.611110755468,15489.305555363695,1.9333473170237732,exact_eig,exact_eig,analysed,0.010121267000045009
random_matrices,rand_005_n9,9.0,81.0,False,False,False,False,False,False,False,False,145.2131121273801,1148623.3735193291,163.96698154139492,none,False,False,diverges,diverges,inf,inf,,exact_eig,exact_eig,analysed,0.00836558700001433
structural_problem,bcsstm02,66.0,66.0,True,True,True,True,True,True,True,False,0.0,0.0,0.0,m_matrix,True,True,converges,converges,1.0,1.0,1.0,exact_eig,exact_eig,analysed,0.015212869000038154
chemical_process_simulation_problem,d_ss,53.0,149.0,False,False,False,False,False,False,False,False,,,,none,False,False,diverges,diverges,inf,inf,,not_applicable,not_applicable,analysed,0.007635135999976228
structural_problem,bcsstm03,112.0,112.0,False,True,False,True,True,False,False,False,,,,spd,False,False,diverges,diverges,inf,inf,,not_applicable,not_applicable,analysed,0.012999877999959608
circuit_simulation_problem,Hamrle1,32.0,98.0,False,False,False,False,False,False,False,False,,,,none,False,False,diverges,diverges,inf,inf,,not_applicable,not_applicable,analysed,0.007147105000001375
random_matrices,rand_006_n10,10.0,100.0,False,False,False,False,False,False,False,False,6.263939226142487,268.400028324622,15.352804668075214,none,False,False,diverges,diverges,inf,inf,,exact_eig,exact_eig,analysed,0.01024054000004071
structural_problem,bcsstm04,132.0,132.0,False,True,False,True,True,False,False,False,,,,spd,False,False,diverges,diverges,inf,inf,,not_applicable,not_applicable,analysed,0.011810083000000304
random_matrices,rand_007_n11,11.0,121.0,False,False,False,False,False,False,False,False,6.1732626266973805,197.08191252244615,13.193547382090312,none,False,False,diverges,diverges,inf,inf,,exact_eig,exact_eig,analysed,0.00936415799998258
random_matrices,rand_008_n12,12.0,144.0,False,False,False,False,False,False,False,False,5.594701896974742,1378.5903973278057,13.877517463597506,none,False,False,diverges,diverges,inf,inf,,exact_eig,exact_eig,analysed,0.008669902000008278
chemical_process_simulation_problem,d_dyn1,87.0,238.0,False,False,False,False,False,False,False,False,,,,none,False,False,diverges,diverges,inf,inf,,not_applicable,not_applicable,analysed,0.008364473000028738
undirected_weighted_graph,GD97_b,47.0,264.0,,,,,,,,,,,,,,,,,,,,,,structurally_singular,0.005264211999985946
structural_problem,mesh1em6,48.0,306.0,True,True,False,True,True,True,False,False,0.6756567745896022,0.4625489609782453,0.7254181644440562,spd,True,True,converges,converges,46.98313526049983,23.891844706276764,1.1512670937901799,exact_eig,exact_eig,analysed,0.012668888000007428
random_matrices,rand_009_n13,13.0,169.0,False,False,False,False,False,False,False,False,15.27628509273923,17620.12560066062,30.21335475266413,none,False,False,diverges,diverges,inf,inf,,exact_eig,exact_eig,analysed,0.008656524999992143
random_matrices,rand_010_n13,13.0,169.0,False,False,False,False,False,False,False,False,13.699096680448172,431.2721147363721,23.423495461519202,none,False,False,diverges,diverges,inf,inf,,exact_eig,exact_eig,analysed,0.009976514000015868
structural_problem,mesh1e1,48.0,306.0,True,True,False,True,True,True,False,False,0.7779254832691136,0.32472130764158175,0.7892485832556652,spd,True,True,converges,converges,73.35277069663141,16.377024897178405,1.2282322389331468,exact_eig,exact_eig,analysed,0.01269781499996725
structural_problem,mesh1em1,48.0,306.0,True,True,False,True,True,True,False,True,0.844795872645029,0.7141058360026165,0.909823070056186,spd,True,True,converges,converges,109.21767615426295,54.70556119115428,1.3028562972785165,exact_eig,exact_eig,analysed,0.014632671999947888
structural_problem,bcsstm05,153.0,153.0,True,True,True,True,True,True,True,False,0.0,0.0,0.0,m_matrix,True,True,converges,converges,1.0,1.0,1.0,exact_eig,exact_eig,analysed,0.011502849999999398
computational_fluid_dynamics_problem,pores_1,30.0,180.0,False,False,False,False,False,False,False,False,3.8565656424914865,7.495542534606293,4.348209605339577,none,False,False,diverges,diverges,inf,inf,,exact_eig,exact_eig,analysed,0.00967273999998497
electromagnetics_problem,bfwb62,62.0,342.0,False,False,False,True,False,False,False,False,1.0084967549489572,0.3496088000369223,1.0418021547252496,none,False,True,diverges,converges,inf,17.52780616855354,,exact_eig,exact_eig,analysed,0.012826711000002433
structural_problem,bcsstm22,138.0,138.0,True,True,True,True,True,True,True,False,0.0,0.0,0.0,m_matrix,True,True,converges,converges,1.0,1.0,1.0,exact_eig,exact_eig,analysed,0.01614873300002273
random_matrices,rand_011_n14,14.0,196.0,False,False,False,False,False,False,False,False,40.25617216977588,194504.77376295044,61.589434140594875,none,False,False,diverges,diverges,inf,inf,,exact_eig,exact_eig,analysed,0.00911557299997412
chemical_process_simulation_problem,west0067,67.0,294.0,False,False,False,False,False,False,False,False,,,,none,False,False,diverges,diverges,inf,inf,,not_applicable,not_applicable,analysed,0.006980022999982793
chemical_process_simulation_problem,impcol_b,59.0,312.0,False,False,False,False,False,False,False,False,,,,none,False,False,diverges,diverges,inf,inf,,not_applicable,not_applicable,analysed,0.01741075800003955
chemical_process_simulation_problem,impcol_c,137.0,411.0,False,False,False,False,False,False,False,False,,,,none,False,False,diverges,diverges,inf,inf,,not_applicable,not_applicable,analysed,0.007483997000008458
chemical_process_simulation_problem,d_dyn,87.0,238.0,False,False,False,False,False,False,False,False,,,,none,False,False,diverges,diverges,inf,inf,,not_applicable,not_applicable,analysed,0.007416991000013695
structural_problem,bcsstk01,48.0,400.0,False,False,False,True,True,False,False,False,1.101452214030456,0.9969136171041649,1.1321383704206913,spd,False,True,diverges,converges,inf,5959.1567483711315,,exact_eig,exact_eig,analysed,0.06752035799996747
random_matrices,rand_012_n15,15.0,225.0,False,False,False,False,False,False,False,False,20.386359874892996,5604.474557543432,37.994479136279416,none,False,False,diverges,diverges,inf,inf,,exact_eig,exact_eig,analysed,0.00829986500002633
chemical_process_simulation_problem,west0156,156.0,371.0,False,False,False,False,False,False,False,False,,,,none,False,False,diverges,diverges,inf,inf,,not_applicable,not_applicable,analysed,0.008451102000037736
random_matrices,rand_013_n16,16.0,256.0,False,False,False,False,False,False,False,False,209.65187817563628,1216081.4306472708,264.66412849257244,none,False,False,diverges,diverges,inf,inf,,exact_eig,exact_eig,analysed,0.008827333999988696
structural_problem,nos4,100.0,594.0,False,False,False,True,True,False,False,False,1.0267323267309854,0.9959289622571137,1.1986672249055343,spd,False,True,diverges,converges,inf,4515.5954743594175,,exact_eig,exact_eig,analysed,0.03939270699999042
directed_weighted_graph,cage5,37.0,233.0,False,False,False,False,False,False,False,False,1.0548039478172566,0.33884164648739173,1.0548039478172548,none,False,True,diverges,converges,inf,17.021160105196195,,exact_eig,exact_eig,analysed,0.014946055000052638
computational_fluid_dynamics_problem,tub100,100.0,396.0,False,False,False,False,False,False,False,True,0.9991478439318396,0.998296414033642,1.002989722238556,property_a_proxy,True,True,too_slow,too_slow,21607.34596548379,10803.672982730563,1.9207230777254016,exact_eig,exact_eig,analysed,0.04462756700002046
random_matrices,rand_014_n17,17.0,289.0,False,False,False,False,False,False,False,False,13.176911243588975,2202.5492053312687,29.42049745677234,none,False,False,diverges,diverges,inf,inf,,exact_eig,exact_eig,analysed,0.011591748000000734
chemical_process_simulation_problem,west0132,132.0,414.0,False,False,False,False,False,False,False,False,,,,none,False,False,diverges,diverges,inf,inf,,not_applicable,not_applicable,analysed,0.007818459000020539
directed_weighted_graph,gre_115,115.0,421.0,False,False,False,False,False,False,False,False,100810.78068459396,1.0325909895324847e+20,100810.78068459396,none,False,False,diverges,diverges,inf,inf,,exact_eig,exact_eig,analysed,0.029683508000005077
computational_fluid_dynamics_problem,olm100,100.0,396.0,False,False,False,False,False,False,False,False,4.443364889216184,99.33691515112409,5.024928450245505,none,False,False,diverges,diverges,inf,inf,,exact_eig,exact_eig,analysed,0.031360946000006606
random_matrices,rand_015_n18,18.0,324.0,False,False,False,False,False,False,False,False,6.31643741524824,673.1977750943968,18.193125483280287,none,False,False,diverges,diverges,inf,inf,,exact_eig,exact_eig,analysed,0.011112704999959533
2d_3d_problem,odepb400,400.0,399.0,,,,,,,,,,,,,,,,,,,,,,structurally_singular,0.005432122000001982
chemical_process_simulation_problem,impcol_a,207.0,572.0,False,False,False,False,False,False,False,False,,,,none,False,False,diverges,diverges,inf,inf,,not_applicable,not_applicable,analysed,0.011600353000005725
electromagnetics_problem,bfwa62,62.0,450.0,False,False,False,False,False,False,False,False,1.10244656762765,1.1848713092573633,1.2837044647751485,none,False,False,diverges,diverges,inf,inf,,exact_eig,exact_eig,analysed,0.016058924000049046
statistical_mathematical_problem,rw136,136.0,479.0,False,False,False,False,False,False,False,False,,,,none,False,False,diverges,diverges,inf,inf,,not_applicable,not_applicable,analysed,0.007619693999970423
chemical_process_simulation_problem,west0167,167.0,507.0,False,False,False,False,False,False,False,False,,,,none,False,False,diverges,diverges,inf,inf,,not_applicable,not_applicable,analysed,0.012561854000011863
random_matrices,rand_016_n19,19.0,361.0,False,False,False,False,False,False,False,False,26.70945697770559,132326212.37280288,55.502861381848874,none,False,False,diverges,diverges,inf,inf,,exact_eig,exact_eig,analysed,0.013739124999972319
structural_problem,bcsstk03,112.0,640.0,False,False,False,True,True,False,False,False,1.8955429095637155,0.9996063472875184,1.9322494933483585,spd,False,True,diverges,too_slow,inf,46785.032203785726,,exact_eig,exact_eig,analysed,1.065838547999988
statistical_mathematical_problem,pivtol,102.0,306.0,False,False,False,False,False,False,False,False,2.2185611817325337,4.300210075548824,2.2940356056183613,none,False,False,diverges,diverges,inf,inf,,exact_eig,exact_eig,analysed,0.05189839199999824
random_matrices,rand_017_n20,20.0,400.0,False,False,False,False,False,False,False,False,22.806304069559243,100620.77778410936,46.345683002666625,none,False,False,diverges,diverges,inf,inf,,exact_eig,exact_eig,analysed,0.01004824199998211
structural_problem,bcsstm06,420.0,420.0,True,True,True,True,True,True,True,False,0.0,0.0,0.0,m_matrix,True,True,converges,converges,1.0,1.0,1.0,exact_eig,exact_eig,analysed,0.26879411900000605
random_matrices,rand_018_n21,21.0,441.0,False,False,False,False,False,False,False,False,10.3915998376519,5611.635886069312,33.00219996010841,none,False,False,diverges,diverges,inf,inf,,exact_eig,exact_eig,analysed,0.01572801999998319
structural_problem,bcsstk22,138.0,696.0,False,False,False,True,True,False,False,False,1.4930753643360315,0.998661386402736,1.6382396456866264,spd,False,True,diverges,too_slow,inf,13751.8018211012,,exact_eig,exact_eig,analysed,0.16195797000000312
computational_fluid_dynamics_problem,lns_131,131.0,536.0,False,False,False,False,False,False,False,False,,,,none,False,False,diverges,diverges,inf,inf,,not_applicable,not_applicable,analysed,0.01823930199998358
computational_fluid_dynamics_problem,lnsp_131,131.0,536.0,False,False,False,False,False,False,False,False,,,,none,False,False,diverges,diverges,inf,inf,,not_applicable,not_applicable,analysed,0.009915696999996726
directed_weighted_graph,gre_216a,216.0,876.0,False,False,False,False,False,False,False,False,,,,none,False,False,diverges,diverges,inf,inf,,not_applicable,not_applicable,analysed,0.010050005999971745
computational_fluid_dynamics_problem,steam3,80.0,928.0,False,False,False,False,False,True,False,True,0.7326302031075925,0.5367470055261574,0.8451567276994244,h_matrix,True,True,converges,converges,59.208742684992316,29.604370546557558,1.1900321199054291,exact_eig,exact_eig,analysed,0.01573624100001325
random_matrices,rand_019_n22,22.0,484.0,False,False,False,False,False,False,False,False,23.170339565172632,74152.73916947085,40.56073349773436,none,False,False,diverges,diverges,inf,inf,,exact_eig,exact_eig,analysed,0.013862431000006836
structural_problem,mesh3e1,289.0,1889.0,True,True,False,True,True,True,False,False,0.790884780970424,0.626395292471936,0.7908847809704251,spd,True,True,converges,converges,78.51852693943509,39.37947501293684,1.240721663681406,exact_eig,exact_eig,analysed,0.18361226600001146
structural_problem,rotor1,100.0,708.0,False,False,False,False,False,False,False,False,,,,none,False,False,diverges,diverges,inf,inf,,not_applicable,not_applicable,analysed,0.0089526010000327
circuit_simulation_problem,rajat11,135.0,812.0,False,False,False,False,False,False,False,False,,,,none,False,False,diverges,diverges,inf,inf,,not_applicable,not_applicable,analysed,0.01203942899996946
structural_problem,bcsstm20,485.0,485.0,True,True,True,True,True,True,True,False,0.0,0.0,0.0,m_matrix,True,True,converges,converges,1.0,1.0,1.0,exact_eig,exact_eig,analysed,1.3701474470000221
random_matrices,rand_020_n23,23.0,529.0,False,False,False,False,False,False,False,False,16.96646606205189,456228.1432516249,45.86691674560855,none,False,False,diverges,diverges,inf,inf,,exact_eig,exact_eig,analysed,0.01550170299998399
2d_3d_problem,odepa400,400.0,1201.0,False,False,False,False,False,False,False,False,1.0717838846954235,1.0001135818120914,1.071783884695427,none,False,False,diverges,diverges,inf,inf,,exact_eig,exact_eig,analysed,1.065170648999981
random_matrices,rand_021_n24,24.0,576.0,False,False,False,False,False,False,False,False,20.245696847094873,185719.66435149763,61.129103460183835,none,False,False,diverges,diverges,inf,inf,,exact_eig,exact_eig,analysed,0.013184270000010656
directed_weighted_graph,gre_216b,216.0,876.0,False,False,False,False,False,False,False,False,,,,none,False,False,diverges,diverges,inf,inf,,not_applicable,not_applicable,analysed,0.012379565000003367
random_matrices,rand_022_n25,25.0,625.0,False,False,False,False,False,False,False,False,77.38946044166748,2868256827.675098,136.47404480294435,none,False,False,diverges,diverges,inf,inf,,exact_eig,exact_eig,analysed,0.018463433000022178
directed_weighted_graph,gre_185,185.0,1005.0,False,False,False,False,False,False,False,False,,,,none,False,False,diverges,diverges,inf,inf,,not_applicable,not_applicable,analysed,0.010212783000042691
structural_problem,mesh3em5,289.0,1889.0,True,True,False,True,True,True,False,True,0.6596899053312241,0.4351907732799414,0.659689905331223,spd,True,True,converges,converges,44.28203724258455,22.141018748734147,1.1418536759135904,exact_eig,exact_eig,analysed,1.4818248380000227
robotics_problem,robot,120.0,870.0,False,False,False,False,False,False,False,False,,,,none,False,False,diverges,diverges,inf,inf,,not_applicable,not_applicable,analysed,0.010365712000009353
computational_fluid_dynamics_problem,rdb200l,200.0,1120.0,False,False,False,False,False,False,False,True,1.3451206484234255,1.8093495588150335,1.663422551744353,property_a_proxy,False,False,diverges,diverges,inf,inf,,exact_eig,exact_eig,analysed,0.0863111369999956
chemical_process_simulation_problem,impcol_d,425.0,1339.0,False,False,False,False,False,False,False,False,,,,none,False,False,diverges,diverges,inf,inf,,not_applicable,not_applicable,analysed,0.010368659999983265
random_matrices,rand_023_n26,26.0,676.0,False,False,False,False,False,False,False,False,21.542909614690014,16431844.228698557,59.08472430025256,none,False,False,diverges,diverges,inf,inf,,exact_eig,exact_eig,analysed,0.012284236000027704
computational_fluid_dynamics_problem,rdb200,200.0,1120.0,False,False,False,False,False,False,False,True,1.9758036866739146,3.903800208274184,2.4562219311116906,property_a_proxy,False,False,diverges,diverges,inf,inf,,exact_eig,exact_eig,analysed,0.09755417700000635
optimal_control_problem,spaceStation_1,99.0,927.0,False,False,False,True,False,False,False,False,,,,none,False,False,diverges,diverges,inf,inf,,not_applicable,not_applicable,analysed,0.009528522999971756
random_matrices,rand_024_n27,27.0,729.0,False,False,False,False,False,False,False,False,34.043069558012306,6575745.997241858,80.53300831694652,none,False,False,diverges,diverges,inf,inf,,exact_eig,exact_eig,analysed,0.01327905099998361
structural_problem,bcsstm08,1074.0,1074.0,True,True,True,True,True,True,True,False,0.0,0.0,0.0,m_matrix,True,True,converges,converges,1.0,1.0,1.0,exact_eig,exact_eig,analysed,0.18746595999999727
directed_weighted_graph,gre_343,343.0,1435.0,False,False,False,False,False,False,False,False,,,,none,False,False,diverges,diverges,inf,inf,,not_applicable,not_applicable,analysed,0.011101153000026898
computational_fluid_dynamics_problem,saylr1,238.0,1128.0,False,False,False,False,False,True,False,True,0.9999872766646828,0.9999745534912486,0.9999872766646828,h_matrix,True,True,too_slow,too_slow,1447777.889853901,723888.944921287,1.9899617310469448,exact_eig,exact_eig,analysed,0.14822117399995705
random_matrices,rand_025_n28,28.0,784.0,False,False,False,False,False,False,False,False,27.987685645603825,488003491455.804,71.75817861297381,none,False,False,diverges,diverges,inf,inf,,exact_eig,exact_eig,analysed,0.017914370000028157
chemical_process_simulation_problem,bwm200,200.0,796.0,False,False,False,False,False,False,False,True,0.996770085387441,0.9935506031232825,1.0113330862377368,property_a_proxy,True,True,converges,converges,5693.932594789506,2846.966297392958,1.8513236468423457,exact_eig,exact_eig,analysed,0.1536710280000193
circuit_simulation_problem,rajat05,301.0,1384.0,False,False,False,False,False,False,False,False,,,,none,False,False,diverges,diverges,inf,inf,,not_applicable,not_applicable,analysed,0.01115677500001766
power_network_problem,494_bus,494.0,1666.0,False,False,True,True,True,True,True,True,0.9999746701965662,0.9999493410401592,0.9999746701965662,m_matrix,True,True,too_slow,too_slow,727224.2556074709,363612.16676451993,1.9858655795535112,exact_eig,exact_eig,analysed,1.998871661999999
directed_weighted_graph,cage6,93.0,785.0,False,False,False,False,False,False,False,False,1.0215090243270049,0.27133674686764786,1.0215090243270053,none,False,True,diverges,converges,inf,14.122015259419294,,exact_eig,exact_eig,analysed,0.02814581399996996
chemical_process_simulation_problem,impcol_e,225.0,1308.0,False,False,False,False,False,False,False,False,,,,none,False,False,diverges,diverges,inf,inf,,not_applicable,not_applicable,analysed,0.010720219000006637
structural_problem,bcsstm19,817.0,817.0,True,True,True,True,True,True,True,False,0.0,0.0,0.0,m_matrix,True,True,converges,converges,1.0,1.0,1.0,exact_eig,exact_eig,analysed,1.7961284279999745
random_matrices,rand_026_n30,30.0,900.0,False,False,False,False,False,False,False,False,47.47917995599922,3532223.0129996655,76.93557863963694,none,False,False,diverges,diverges,inf,inf,,exact_eig,exact_eig,analysed,0.013525707999974657
statistical_mathematical_problem,lop163,163.0,935.0,False,False,False,False,False,False,False,True,1817361207.0397234,3.3028017568528804e+18,1817361207.0397234,property_a_proxy,False,False,diverges,diverges,inf,inf,,exact_eig,exact_eig,analysed,0.07216107599998622
undirected_weighted_graph,breasttissue_10NN,106.0,1412.0,False,False,False,True,False,False,False,False,,,,none,False,False,diverges,diverges,inf,inf,,not_applicable,not_applicable,analysed,0.012701215999982196
random_matrices,rand_027_n31,31.0,961.0,False,False,False,False,False,False,False,False,24.277523393490295,2585363582.0979104,71.63896823687574,none,False,False,diverges,diverges,inf,inf,,exact_eig,exact_eig,analysed,0.018274262999966595
structural_problem,lund_a,147.0,2449.0,False,False,False,True,True,False,False,False,1.106741304539155,0.9995895384886119,1.7288350924132385,spd,False,True,diverges,too_slow,inf,44868.76231771881,,exact_eig,exact_eig,analysed,0.2006911810000247
random_matrices,rand_028_n32,32.0,1024.0,False,False,False,False,False,False,False,False,79.18324678363228,60349004.67345583,144.81258373498727,none,False,False,diverges,diverges,inf,inf,,exact_eig,exact_eig,analysed,0.013744809999991503
structural_problem,mesh2e1,306.0,2018.0,True,True,False,True,True,True,False,False,0.9841218973426656,0.9674648482023358,0.9842585132903287,spd,True,True,converges,converges,1150.8961930236885,556.9166890806972,1.6985225726100528,exact_eig,exact_eig,analysed,0.38757949600000074
structural_problem,lund_b,147.0,2441.0,False,False,False,True,True,False,False,False,1.8402923916490073,0.9604745548303022,2.231951916919978,spd,False,True,diverges,converges,inf,456.773885510535,,exact_eig,exact_eig,analysed,0.22673722000001817
structural_problem,mesh2em5,306.0,2018.0,True,True,False,True,True,True,False,True,0.984432592400135,0.9691075679345404,0.9845226245578881,spd,True,True,converges,converges,1174.0506290105293,587.0260664718577,1.7010237435558784,exact_eig,exact_eig,analysed,0.7230097710000223
eigenvalue_model_reduction_problem,M10PI_n1,528.0,1317.0,,,,,,,,,,,,,,,,,,,,,,structurally_singular,0.007224926999981562
eigenvalue_model_reduction_problem,S10PI_n1,528.0,1317.0,,,,,,,,,,,,,,,,,,,,,,structurally_singular,0.006867472999999791
2d_3d_problem,pde225,225.0,1065.0,False,False,False,False,False,False,False,True,0.9887613812916447,0.9776490691337565,1.428158987590318,property_a_proxy,True,True,converges,converges,1629.8243343434397,814.912167171546,1.7398834606906708,exact_eig,exact_eig,analysed,0.1390907759999891
circuit_simulation_problem,rajat14,180.0,1503.0,False,False,False,False,False,False,False,False,,,,none,False,False,diverges,diverges,inf,inf,,not_applicable,not_applicable,analysed,0.01095497000000023
2d_3d_problem,fs_183_6,183.0,1069.0,False,False,False,False,False,True,False,False,0.7652849212362818,0.6039179169998774,0.7652881781934111,h_matrix,True,True,converges,converges,68.86053834635395,36.52599681385524,1.2167732029554055,exact_eig,exact_eig,analysed,0.04104644000000235
2d_3d_problem,fs_183_1,183.0,1069.0,False,False,False,False,False,True,False,False,0.8479710992984737,0.7349950133220831,0.8480335258980587,h_matrix,True,True,converges,converges,111.70228117250852,59.82846844329801,1.3071532625316977,exact_eig,exact_eig,analysed,0.043539006000003155
2d_3d_problem,plskz362,362.0,1760.0,False,False,False,False,False,False,False,False,,,,none,False,False,diverges,diverges,inf,inf,,not_applicable,not_applicable,analysed,0.011759010999981001
2d_3d_problem,fs_183_4,183.0,1069.0,False,False,False,False,False,True,False,False,0.7733704817132447,0.6140684677419326,0.7737354509043634,h_matrix,True,True,converges,converges,71.67661844181147,37.77447827949981,1.2240244160931373,exact_eig,exact_eig,analysed,0.04142421199998125
2d_3d_problem,fs_183_3,183.0,1069.0,False,False,False,False,False,False,False,False,0.9238603268142016,0.8838637844862541,1.5925013369658634,none,True,True,converges,converges,232.60085743565278,149.2129189449127,1.4464141918237716,exact_eig,exact_eig,analysed,0.05476269099995079
2d_3d_problem,ck104,104.0,992.0,False,False,False,False,False,False,False,False,1.3923385457435424,0.9901165155669459,1.3938194882708768,none,False,True,diverges,converges,inf,1854.5584725086737,,exact_eig,exact_eig,analysed,0.038163521999990735
random_matrices,rand_029_n34,34.0,1156.0,False,False,False,False,False,False,False,False,10.31900380993531,863069.4878533969,37.037710640255746,none,False,False,diverges,diverges,inf,inf,,exact_eig,exact_eig,analysed,0.01348197900000514
directed_weighted_graph,gre_512,512.0,2192.0,False,False,False,False,False,False,False,False,,,,none,False,False,diverges,diverges,inf,inf,,not_applicable,not_applicable,analysed,0.011243942000021434
eigenvalue_model_reduction_problem,M10PI_n,682.0,1633.0,False,False,False,False,False,False,False,False,,,,none,False,False,diverges,diverges,inf,inf,,not_applicable,not_applicable,analysed,0.01133687600002986
eigenvalue_model_reduction_problem,S10PI_n,682.0,1633.0,False,False,False,False,False,False,False,False,,,,none,False,False,diverges,diverges,inf,inf,,not_applicable,not_applicable,analysed,0.015170768000018597
chemical_process_simulation_problem,west0497,497.0,1727.0,False,False,False,False,False,False,False,False,,,,none,False,False,diverges,diverges,inf,inf,,not_applicable,not_applicable,analysed,0.013080868999963968
2d_3d_problem,nos6,675.0,3255.0,True,True,True,True,True,True,True,True,0.9999994261205333,0.9999988522413884,0.9999994261205333,m_matrix,True,True,too_slow,too_slow,32098509.402047545,16049254.596374165,1.9978596231334407,exact_eig,exact_eig,analysed,2.6522831819999624
random_matrices,rand_030_n35,35.0,1225.0,False,False,False,False,False,False,False,False,38.26944286080422,59616903924.484955,99.18055786386789,none,False,False,diverges,diverges,inf,inf,,exact_eig,exact_eig,analysed,0.015800296000008984
electromagnetics_problem,mhdb416,416.0,2312.0,False,False,False,True,True,False,False,False,1.3451041956878798,0.9332019250151681,1.4862692494553895,spd,False,True,diverges,converges,inf,266.4501846684832,,exact_eig,exact_eig,analysed,1.7765833459999953
power_network_problem,662_bus,662.0,2474.0,False,False,True,True,True,True,True,True,0.9999552135987884,0.9999104292900883,0.9999552135987884,m_matrix,True,True,too_slow,too_slow,411291.54708879127,205645.9725849623,1.9812490921770198,exact_eig,exact_eig,analysed,1.4730457890000253
electromagnetics_problem,bfwb398,398.0,2910.0,False,False,False,True,False,False,False,False,1.0511779925336,0.37003235592580425,1.096479901759154,none,False,True,diverges,converges,inf,18.528799462444436,,exact_eig,exact_eig,analysed,0.35567690099998117
structural_problem,bcsstm09,1083.0,1083.0,True,True,True,True,True,True,True,False,0.0,0.0,0.0,m_matrix,True,True,converges,converges,1.0,1.0,1.0,exact_eig,exact_eig,analysed,0.16888575199999423
2d_3d_problem,nnc261,261.0,1500.0,False,False,False,False,False,False,False,False,,,,none,False,False,diverges,diverges,inf,inf,,not_applicable,not_applicable,analysed,0.01061337400000184
structural_problem,bcsstk05,153.0,2423.0,False,False,False,True,True,False,False,False,2.014951093675377,0.9985763301331778,2.4724989016955243,spd,False,True,diverges,too_slow,inf,12929.658466021237,,exact_eig,exact_eig,analysed,0.10938236800001278
random_matrices,rand_031_n36,36.0,1296.0,False,False,False,False,False,False,False,False,115.96705007409292,14495089345089.416,199.08424558864039,none,False,False,diverges,diverges,inf,inf,,exact_eig,exact_eig,analysed,0.01459490199999891
computational_fluid_dynamics_problem,tols90,90.0,1746.0,False,False,False,False,False,False,False,False,,,,none,False,False,diverges,diverges,inf,inf,,not_applicable,not_applicable,analysed,0.012005681000005097
chemical_process_simulation_problem,west0479,479.0,1910.0,False,False,False,False,False,False,False,False,,,,none,False,False,diverges,diverges,inf,inf,,not_applicable,not_applicable,analysed,0.01211691299999984
materials_problem,arc130,130.0,1282.0,False,False,False,False,False,True,False,False,0.08323538384790388,0.01592614157364009,0.11706646076170896,h_matrix,True,True,converges,converges,7.409520401367189,4.449661850998758,1.0017380582593036,exact_eig,exact_eig,analysed,0.032455034999998134
optimal_control_problem,tumorAntiAngiogenesis_1,205.0,1783.0,False,False,False,True,False,False,False,False,,,,none,False,False,diverges,diverges,inf,inf,,not_applicable,not_applicable,analysed,0.015728502000001754
undirected_weighted_graph,USAir97,332.0,4252.0,False,False,False,True,False,False,False,False,,,,none,False,False,diverges,diverges,inf,inf,,not_applicable,not_applicable,analysed,0.013596644000017477
statistical_mathematical_problem,rw496,496.0,1859.0,False,False,False,False,False,False,False,False,,,,none,False,False,diverges,diverges,inf,inf,,not_applicable,not_applicable,analysed,0.01254758900000752
circuit_simulation_problem,oscil_dcop_56,430.0,1544.0,False,False,False,False,False,False,False,False,,,,none,False,False,diverges,diverges,inf,inf,,not_applicable,not_applicable,analysed,0.012986122000029354
circuit_simulation_problem,oscil_dcop_54,430.0,1544.0,False,False,False,False,False,False,False,False,,,,none,False,False,diverges,diverges,inf,inf,,not_applicable,not_applicable,analysed,0.012971561999961523
circuit_simulation_problem,oscil_dcop_57,430.0,1544.0,False,False,False,False,False,False,False,False,,,,none,False,False,diverges,diverges,inf,inf,,not_applicable,not_applicable,analysed,0.009688668999956462
circuit_simulation_problem,oscil_dcop_51,430.0,1544.0,False,False,False,False,False,False,False,False,,,,none,False,False,diverges,diverges,inf,inf,,not_applicable,not_applicable,analysed,0.009933035000017298
circuit_simulation_problem,oscil_dcop_50,430.0,1544.0,False,False,False,False,False,False,False,False,,,,none,False,False,diverges,diverges,inf,inf,,not_applicable,not_applicable,analysed,0.009303066000029503
circuit_simulation_problem,oscil_dcop_52,430.0,1544.0,False,False,False,False,False,False,False,False,,,,none,False,False,diverges,diverges,inf,inf,,not_applicable,not_applicable,analysed,0.009772601000008763
circuit_simulation_problem,oscil_dcop_53,430.0,1544.0,False,False,False,False,False,False,False,False,,,,none,False,False,diverges,diverges,inf,inf,,not_applicable,not_applicable,analysed,0.009965039000007891
circuit_simulation_problem,oscil_dcop_55,430.0,1544.0,False,False,False,False,False,False,False,False,,,,none,False,False,diverges,diverges,inf,inf,,not_applicable,not_applicable,analysed,0.014182096000013189
circuit_simulation_problem,oscil_dcop_48,430.0,1544.0,False,False,False,False,False,False,False,False,,,,none,False,False,diverges,diverges,inf,inf,,not_applicable,not_applicable,analysed,0.011556161999976666
circuit_simulation_problem,oscil_dcop_49,430.0,1544.0,False,False,False,False,False,False,False,False,,,,none,False,False,diverges,diverges,inf,inf,,not_applicable,not_applicable,analysed,0.010739395000030072
circuit_simulation_problem,oscil_dcop_47,430.0,1544.0,False,False,False,False,False,False,False,False,,,,none,False,False,diverges,diverges,inf,inf,,not_applicable,not_applicable,analysed,0.011191403999987415
circuit_simulation_problem,oscil_dcop_46,430.0,1544.0,False,False,False,False,False,False,False,False,,,,none,False,False,diverges,diverges,inf,inf,,not_applicable,not_applicable,analysed,0.010759978000010051
circuit_simulation_problem,oscil_dcop_45,430.0,1544.0,False,False,False,False,False,False,False,False,,,,none,False,False,diverges,diverges,inf,inf,,not_applicable,not_applicable,analysed,0.00939764100002094
circuit_simulation_problem,oscil_dcop_06,430.0,1544.0,False,False,False,False,False,False,False,False,,,,none,False,False,diverges,diverges,inf,inf,,not_applicable,not_applicable,analysed,0.010333580000008169
circuit_simulation_problem,oscil_dcop_01,430.0,1544.0,False,False,False,False,False,False,False,False,,,,none,False,False,diverges,diverges,inf,inf,,not_applicable,not_applicable,analysed,0.010433195000018713
circuit_simulation_problem,oscil_dcop_44,430.0,1544.0,False,False,False,False,False,False,False,False,,,,none,False,False,diverges,diverges,inf,inf,,not_applicable,not_applicable,analysed,0.011633825999979308
circuit_simulation_problem,oscil_dcop_43,430.0,1544.0,False,False,False,False,False,False,False,False,,,,none,False,False,diverges,diverges,inf,inf,,not_applicable,not_applicable,analysed,0.009541132000038033
circuit_simulation_problem,oscil_dcop_07,430.0,1544.0,False,False,False,False,False,False,False,False,,,,none,False,False,diverges,diverges,inf,inf,,not_applicable,not_applicable,analysed,0.01080483800001275
circuit_simulation_problem,oscil_dcop_05,430.0,1544.0,False,False,False,False,False,False,False,False,,,,none,False,False,diverges,diverges,inf,inf,,not_applicable,not_applicable,analysed,0.010792037999976856
circuit_simulation_problem,oscil_dcop_02,430.0,1544.0,False,False,False,False,False,False,False,False,,,,none,False,False,diverges,diverges,inf,inf,,not_applicable,not_applicable,analysed,0.01115969199997835
circuit_simulation_problem,oscil_dcop_08,430.0,1544.0,False,False,False,False,False,False,False,False,,,,none,False,False,diverges,diverges,inf,inf,,not_applicable,not_applicable,analysed,0.01357855099996641
circuit_simulation_problem,oscil_dcop_13,430.0,1544.0,False,False,False,False,False,False,False,False,,,,none,False,False,diverges,diverges,inf,inf,,not_applicable,not_applicable,analysed,0.01066222000002881
circuit_simulation_problem,oscil_dcop_42,430.0,1544.0,False,False,False,False,False,False,False,False,,,,none,False,False,diverges,diverges,inf,inf,,not_applicable,not_applicable,analysed,0.011793977000024825
circuit_simulation_problem,oscil_dcop_12,430.0,1544.0,False,False,False,False,False,False,False,False,,,,none,False,False,diverges,diverges,inf,inf,,not_applicable,not_applicable,analysed,0.009978775999968548
circuit_simulation_problem,oscil_dcop_41,430.0,1544.0,False,False,False,False,False,False,False,False,,,,none,False,False,diverges,diverges,inf,inf,,not_applicable,not_applicable,analysed,0.012781324000002314
circuit_simulation_problem,oscil_dcop_04,430.0,1544.0,False,False,False,False,False,False,False,False,,,,none,False,False,diverges,diverges,inf,inf,,not_applicable,not_applicable,analysed,0.01056744000004528
circuit_simulation_problem,oscil_dcop_09,430.0,1544.0,False,False,False,False,False,False,False,False,,,,none,False,False,diverges,diverges,inf,inf,,not_applicable,not_applicable,analysed,0.00947943099998838
circuit_simulation_problem,oscil_dcop_40,430.0,1544.0,False,False,False,False,False,False,False,False,,,,none,False,False,diverges,diverges,inf,inf,,not_applicable,not_applicable,analysed,0.009794978000002175
circuit_simulation_problem,oscil_dcop_23,430.0,1544.0,False,False,False,False,False,False,False,False,,,,none,False,False,diverges,diverges,inf,inf,,not_applicable,not_applicable,analysed,0.013148842999953558
circuit_simulation_problem,oscil_dcop_24,430.0,1544.0,False,False,False,False,False,False,False,False,,,,none,False,False,diverges,diverges,inf,inf,,not_applicable,not_applicable,analysed,0.010230580000040845
circuit_simulation_problem,oscil_dcop_28,430.0,1544.0,False,False,False,False,False,False,False,False,,,,none,False,False,diverges,diverges,inf,inf,,not_applicable,not_applicable,analysed,0.01017629500000794
circuit_simulation_problem,oscil_dcop_29,430.0,1544.0,False,False,False,False,False,False,False,False,,,,none,False,False,diverges,diverges,inf,inf,,not_applicable,not_applicable,analysed,0.009730446999981268
circuit_simulation_problem,oscil_dcop_31,430.0,1544.0,False,False,False,False,False,False,False,False,,,,none,False,False,diverges,diverges,inf,inf,,not_applicable,not_applicable,analysed,0.010225621000017782
circuit_simulation_problem,oscil_dcop_30,430.0,1544.0,False,False,False,False,False,False,False,False,,,,none,False,False,diverges,diverges,inf,inf,,not_applicable,not_applicable,analysed,0.010354480999978932
circuit_simulation_problem,oscil_dcop_26,430.0,1544.0,False,False,False,False,False,False,False,False,,,,none,False,False,diverges,diverges,inf,inf,,not_applicable,not_applicable,analysed,0.010692792999975609
circuit_simulation_problem,oscil_dcop_03,430.0,1544.0,False,False,False,False,False,False,False,False,,,,none,False,False,diverges,diverges,inf,inf,,not_applicable,not_applicable,analysed,0.011412742999993952
circuit_simulation_problem,oscil_dcop_36,430.0,1544.0,False,False,False,False,False,False,False,False,,,,none,False,False,diverges,diverges,inf,inf,,not_applicable,not_applicable,analysed,0.009680557000024237
circuit_simulation_problem,oscil_dcop_25,430.0,1544.0,False,False,False,False,False,False,False,False,,,,none,False,False,diverges,diverges,inf,inf,,not_applicable,not_applicable,analysed,0.010368442000014966
circuit_simulation_problem,oscil_dcop_35,430.0,1544.0,False,False,False,False,False,False,False,False,,,,none,False,False,diverges,diverges,inf,inf,,not_applicable,not_applicable,analysed,0.01019943700003978
circuit_simulation_problem,oscil_dcop_17,430.0,1544.0,False,False,False,False,False,False,False,False,,,,none,False,False,diverges,diverges,inf,inf,,not_applicable,not_applicable,analysed,0.01032025399996428
circuit_simulation_problem,oscil_dcop_18,430.0,1544.0,False,False,False,False,False,False,False,False,,,,none,False,False,diverges,diverges,inf,inf,,not_applicable,not_applicable,analysed,0.012797119000026669
circuit_simulation_problem,oscil_dcop_34,430.0,1544.0,False,False,False,False,False,False,False,False,,,,none,False,False,diverges,diverges,inf,inf,,not_applicable,not_applicable,analysed,0.011517235999974673
circuit_simulation_problem,oscil_dcop_37,430.0,1544.0,False,False,False,False,False,False,False,False,,,,none,False,False,diverges,diverges,inf,inf,,not_applicable,not_applicable,analysed,0.010996680000005199
circuit_simulation_problem,oscil_dcop_27,430.0,1544.0,False,False,False,False,False,False,False,False,,,,none,False,False,diverges,diverges,inf,inf,,not_applicable,not_applicable,analysed,0.01094639199999392
circuit_simulation_problem,oscil_dcop_10,430.0,1544.0,False,False,False,False,False,False,False,False,,,,none,False,False,diverges,diverges,inf,inf,,not_applicable,not_applicable,analysed,0.010209165999981451
circuit_simulation_problem,oscil_dcop_11,430.0,1544.0,False,False,False,False,False,False,False,False,,,,none,False,False,diverges,diverges,inf,inf,,not_applicable,not_applicable,analysed,0.012996272999998837
circuit_simulation_problem,oscil_dcop_39,430.0,1544.0,False,False,False,False,False,False,False,False,,,,none,False,False,diverges,diverges,inf,inf,,not_applicable,not_applicable,analysed,0.010717785999986518
circuit_simulation_problem,oscil_dcop_33,430.0,1544.0,False,False,False,False,False,False,False,False,,,,none,False,False,diverges,diverges,inf,inf,,not_applicable,not_applicable,analysed,0.009971645000007356
circuit_simulation_problem,oscil_dcop_32,430.0,1544.0,False,False,False,False,False,False,False,False,,,,none,False,False,diverges,diverges,inf,inf,,not_applicable,not_applicable,analysed,0.012077988999976697
circuit_simulation_problem,oscil_dcop_22,430.0,1544.0,False,False,False,False,False,False,False,False,,,,none,False,False,diverges,diverges,inf,inf,,not_applicable,not_applicable,analysed,0.010918056999969394
circuit_simulation_problem,oscil_dcop_38,430.0,1544.0,False,False,False,False,False,False,False,False,,,,none,False,False,diverges,diverges,inf,inf,,not_applicable,not_applicable,analysed,0.010088642999960484
circuit_simulation_problem,oscil_dcop_19,430.0,1544.0,False,False,False,False,False,False,False,False,,,,none,False,False,diverges,diverges,inf,inf,,not_applicable,not_applicable,analysed,0.011985462000041025
circuit_simulation_problem,oscil_dcop_14,430.0,1544.0,False,False,False,False,False,False,False,False,,,,none,False,False,diverges,diverges,inf,inf,,not_applicable,not_applicable,analysed,0.011566815000037423
circuit_simulation_problem,oscil_dcop_15,430.0,1544.0,False,False,False,False,False,False,False,False,,,,none,False,False,diverges,diverges,inf,inf,,not_applicable,not_applicable,analysed,0.012635111000008692
circuit_simulation_problem,oscil_dcop_20,430.0,1544.0,False,False,False,False,False,False,False,False,,,,none,False,False,diverges,diverges,inf,inf,,not_applicable,not_applicable,analysed,0.010593139999969026
circuit_simulation_problem,oscil_dcop_21,430.0,1544.0,False,False,False,False,False,False,False,False,,,,none,False,False,diverges,diverges,inf,inf,,not_applicable,not_applicable,analysed,0.010587018000023818
circuit_simulation_problem,oscil_dcop_16,430.0,1544.0,False,False,False,False,False,False,False,False,,,,none,False,False,diverges,diverges,inf,inf,,not_applicable,not_applicable,analysed,0.011533019000012246
random_matrices,rand_033_n38,38.0,1444.0,False,False,False,False,False,False,False,False,37.569663704769034,306282559.8858825,87.83297543659938,none,False,False,diverges,diverges,inf,inf,,exact_eig,exact_eig,analysed,0.012825224999971852
undirected_weighted_graph,YaleA_10NN,165.0,2268.0,False,False,False,True,False,False,False,False,,,,none,False,False,diverges,diverges,inf,inf,,not_applicable,not_applicable,analysed,0.010434311000039997
random_matrices,rand_032_n38,38.0,1444.0,False,False,False,False,False,False,False,False,75.11174928193014,113307600351913.47,170.78761248860954,none,False,False,diverges,diverges,inf,inf,,exact_eig,exact_eig,analysed,0.012674947999983033
chemical_process_simulation_problem,west0381,381.0,2157.0,False,False,False,False,False,False,False,False,,,,none,False,False,diverges,diverges,inf,inf,,not_applicable,not_applicable,analysed,0.011357506999956968
optimization_problem,str_0,363.0,2454.0,False,False,False,False,False,False,False,False,,,,none,False,False,diverges,diverges,inf,inf,,not_applicable,not_applicable,analysed,0.011497016999953757
structural_problem,bcsstm11,1473.0,1473.0,True,True,True,True,True,True,True,False,0.0,0.0,0.0,m_matrix,True,True,converges,converges,1.0,1.0,1.0,exact_eig,exact_eig,analysed,0.2968186829999695
computational_fluid_dynamics_problem,olm500,500.0,1996.0,False,False,False,False,False,False,False,False,4.250388636635373,131.080698231008,4.781716522270765,none,False,False,diverges,diverges,inf,inf,,exact_eig,exact_eig,analysed,0.8222620159999678
circuit_simulation_problem,oscil_trans_01,430.0,1614.0,False,False,False,False,False,False,False,False,,,,none,False,False,diverges,diverges,inf,inf,,not_applicable,not_applicable,analysed,0.013942734000011114
power_network_problem,685_bus,685.0,3249.0,False,False,True,True,True,True,True,True,0.9997631755350873,0.9995264121041149,0.9997631755350873,m_matrix,True,True,too_slow,too_slow,77772.79020014872,38886.8014868547,1.9574026350789089,exact_eig,exact_eig,analysed,1.56964750100002
computational_fluid_dynamics_problem,sherman1,1000.0,3750.0,False,False,False,True,False,True,False,True,0.9996900524335312,0.9993802009345505,0.9996900524335312,h_matrix,True,True,too_slow,too_slow,59422.39225719775,29711.196128322037,1.951417959015236,exact_eig,exact_eig,analysed,1.587135309999951
computational_fluid_dynamics_problem,saylr3,1000.0,3750.0,False,False,False,True,False,False,False,True,1.0000000000000064,1.0,1.0000000000000064,property_a_proxy,False,False,diverges,diverges,inf,inf,,exact_eig,exact_eig,analysed,1.5604224819999786
computational_fluid_dynamics_problem,rdb450l,450.0,2580.0,False,False,False,False,False,False,False,True,11.755169667599958,138.18401391423112,11.801601653091165,property_a_proxy,False,False,diverges,diverges,inf,inf,,exact_eig,exact_eig,analysed,0.3580412890000275
2d_3d_problem,nos7,729.0,4617.0,False,False,True,True,True,True,True,True,0.9999999845368243,0.9999999690736346,0.9999999845368243,m_matrix,True,True,too_slow,too_slow,1191261155.6271107,595630305.9272242,1.9996483440500807,exact_eig,exact_eig,analysed,3.197290253999995
undirected_weighted_graph,dermatology_5NN,366.0,2440.0,False,False,False,True,False,False,False,False,,,,none,False,False,diverges,diverges,inf,inf,,not_applicable,not_applicable,analysed,0.01671956699999555
random_matrices,rand_034_n40,40.0,1600.0,False,False,False,False,False,False,False,False,20.349597179749107,22326197.7026227,77.66332825264271,none,False,False,diverges,diverges,inf,inf,,exact_eig,exact_eig,analysed,0.016839269999991302
computational_fluid_dynamics_problem,rdb450,450.0,2580.0,False,False,False,False,False,False,False,True,1.1884795269019963,1.4124835858651834,1.4350674433611132,property_a_proxy,False,False,diverges,diverges,inf,inf,,exact_eig,exact_eig,analysed,0.4424470280000037
computational_fluid_dynamics_problem,tols340,340.0,2196.0,False,False,False,False,False,False,False,False,,,,none,False,False,diverges,diverges,inf,inf,,not_applicable,not_applicable,analysed,0.011267873999997846
random_matrices,rand_035_n41,41.0,1681.0,False,False,False,False,False,False,False,False,22.401883758146507,49865310896.62761,88.84279548610864,none,False,False,diverges,diverges,inf,inf,,exact_eig,exact_eig,analysed,0.013726485000006505
eigenvalue_model_reduction_problem,ww_36_pmec_36,66.0,1194.0,False,False,False,False,False,False,False,False,,,,none,False,False,diverges,diverges,inf,inf,,not_applicable,not_applicable,analysed,0.010590229999991152
optimization_problem,bp_0,822.0,3276.0,False,False,False,False,False,False,False,False,,,,none,False,False,diverges,diverges,inf,inf,,not_applicable,not_applicable,analysed,0.01649412299997266
eigenvalue_model_reduction_problem,M20PI_n1,1028.0,2547.0,,,,,,,,,,,,,,,,,,,,,,structurally_singular,0.009425761999978022
eigenvalue_model_reduction_problem,S20PI_n1,1028.0,2547.0,,,,,,,,,,,,,,,,,,,,,,structurally_singular,0.009012103000031857
structural_problem,bcsstk04,132.0,3648.0,False,False,False,True,True,False,False,False,1.4767943267939638,0.997274884754793,2.0071466607137127,spd,False,True,diverges,converges,inf,6750.382436877179,,exact_eig,exact_eig,analysed,0.6243012599999815
undirected_weighted_graph,netscience,1589.0,5484.0,,,,,,,,,,,,,,,,,,,,,,structurally_singular,0.00955224800003407
random_matrices,rand_036_n43,43.0,1849.0,False,False,False,False,False,False,False,False,69.78803452146482,17398607912898.684,152.39563502223206,none,False,False,diverges,diverges,inf,inf,,exact_eig,exact_eig,analysed,0.014305518000014672
undirected_weighted_graph,Glass_10NN,214.0,2986.0,False,False,False,True,False,False,False,False,,,,none,False,False,diverges,diverges,inf,inf,,not_applicable,not_applicable,analysed,0.020501164999984667
structural_problem,nos2,957.0,4137.0,False,False,False,True,True,False,False,True,0.9999999980110196,0.9999999960220521,1.6513082367684608,spd,True,True,too_slow,too_slow,9261368536.312824,4630699384.609139,1.999873865799903,exact_eig,exact_eig,analysed,4.7671872199999825
optimization_problem,str_200,363.0,3068.0,False,False,False,False,False,False,False,False,,,,none,False,False,diverges,diverges,inf,inf,,not_applicable,not_applicable,analysed,0.016179022000017085
optimal_control_problem,tumorAntiAngiogenesis_2,305.0,2699.0,False,False,False,True,False,False,False,False,,,,none,False,False,diverges,diverges,inf,inf,,not_applicable,not_applicable,analysed,0.024062907000029554
structural_problem,bcsstk20,485.0,3135.0,False,False,False,True,True,False,False,False,2.4982985908735302,0.9999999612227423,2.5198466492507463,spd,False,True,diverges,too_slow,inf,475038243.0647234,,exact_eig,exact_eig,analysed,2.104804313000045
structural_problem,nos5,468.0,5172.0,False,False,False,True,True,False,False,False,1.048947221389671,0.9979035692323674,1.1088919950595226,spd,False,True,diverges,converges,inf,8777.473329160814,,exact_eig,exact_eig,analysed,0.58614359500001
power_network_problem,qh768,768.0,2934.0,False,False,False,False,False,False,False,False,,,,none,False,False,diverges,diverges,inf,inf,,not_applicable,not_applicable,analysed,0.015803724000022612
optimization_problem,str_400,363.0,3157.0,False,False,False,False,False,False,False,False,,,,none,False,False,diverges,diverges,inf,inf,,not_applicable,not_applicable,analysed,0.012274439999998776
2d_3d_problem,cz148,148.0,1527.0,False,False,False,False,False,False,False,True,0.9974459538034675,0.9948337973401167,1.011485977280099,property_a_proxy,True,True,converges,converges,7203.13794946885,3556.3949756347633,1.8666724179392677,exact_eig,exact_eig,analysed,0.05585151200000382
chemical_process_simulation_problem,west0655,655.0,2854.0,False,False,False,False,False,False,False,False,,,,none,False,False,diverges,diverges,inf,inf,,not_applicable,not_applicable,analysed,0.018090982999979133
eigenvalue_model_reduction_problem,M20PI_n,1182.0,2881.0,False,False,False,False,False,False,False,False,,,,none,False,False,diverges,diverges,inf,inf,,not_applicable,not_applicable,analysed,0.013372555999978886
eigenvalue_model_reduction_problem,S20PI_n,1182.0,2881.0,False,False,False,False,False,False,False,False,,,,none,False,False,diverges,diverges,inf,inf,,not_applicable,not_applicable,analysed,0.015580250999960299
random_matrices,rand_037_n45,45.0,2025.0,False,False,False,False,False,False,False,False,20.054694577273963,7458244912.553851,78.75298912099505,none,False,False,diverges,diverges,inf,inf,,exact_eig,exact_eig,analysed,0.01509410400001343
optimization_problem,str_600,363.0,3279.0,False,False,False,False,False,False,False,False,,,,none,False,False,diverges,diverges,inf,inf,,not_applicable,not_applicable,analysed,0.010365237999963028
optimization_problem,bp_200,822.0,3802.0,False,False,False,False,False,False,False,False,,,,none,False,False,diverges,diverges,inf,inf,,not_applicable,not_applicable,analysed,0.010388841000008142
power_network_problem,1138_bus,1138.0,4054.0,False,False,True,True,True,True,True,True,0.9999959212513555,0.9999918425194897,0.9999959212513555,m_matrix,True,True,too_slow,too_slow,4516248.678895923,2258124.3788941936,1.9943040077695158,exact_eig,exact_eig,analysed,5.460232619999999
optimal_control_problem,orbitRaising_1,442.0,2906.0,False,False,False,True,False,False,False,False,,,,none,False,False,diverges,diverges,inf,inf,,not_applicable,not_applicable,analysed,0.018271219999974164
structural_problem,bcsstk02,66.0,4356.0,False,False,False,True,True,False,False,False,1.4807029906547653,0.9972618477665731,2.004639509155747,spd,False,True,diverges,converges,inf,6718.198382283542,,exact_eig,exact_eig,analysed,0.028897752000034416
optimization_problem,bp_400,822.0,4028.0,False,False,False,False,False,False,False,False,,,,none,False,False,diverges,diverges,inf,inf,,not_applicable,not_applicable,analysed,0.015656234999994467
random_matrices,rand_038_n47,47.0,2209.0,False,False,False,False,False,False,False,False,32.88734421818315,7997051032035.599,102.25952749245947,none,False,False,diverges,diverges,inf,inf,,exact_eig,exact_eig,analysed,0.017892058000029465
structural_problem,bcsstm26,1922.0,1922.0,True,True,True,True,True,True,True,False,0.0,0.0,0.0,m_matrix,True,True,converges,converges,1.0,1.0,1.0,exact_eig,exact_eig,analysed,3.509761363999985
2d_3d_problem,mcca,180.0,2659.0,False,False,False,False,False,False,False,False,18.188826199993034,383.3327704876969,18.271855461532976,none,False,False,diverges,diverges,inf,inf,,exact_eig,exact_eig,analysed,0.08063900700000204
optimization_problem,bp_600,822.0,4172.0,False,False,False,False,False,False,False,False,,,,none,False,False,diverges,diverges,inf,inf,,not_applicable,not_applicable,analysed,0.01623241599997982
random_matrices,rand_039_n48,48.0,2304.0,False,False,False,False,False,False,False,False,59.887251479344684,12145233543881.922,240.06971967018805,none,False,False,diverges,diverges,inf,inf,,exact_eig,exact_eig,analysed,0.016807339000024513
power_network_problem,qh882,882.0,3354.0,False,False,False,False,False,False,False,False,,,,none,False,False,diverges,diverges,inf,inf,,not_applicable,not_applicable,analysed,0.015930231999959688
acoustics_problem,young3c,841.0,3988.0,False,False,False,False,False,False,False,True,2.4187452758881465,5.85032870963116,2.418745275888135,property_a_proxy,False,False,diverges,diverges,inf,inf,,exact_eig,exact_eig,analysed,1.9442023429999722
optimal_control_problem,hangGlider_1,360.0,3477.0,False,False,False,True,False,False,False,False,,,,none,False,False,diverges,diverges,inf,inf,,not_applicable,not_applicable,analysed,0.01796905699995932
random_matrices,rand_040_n49,49.0,2401.0,False,False,False,False,False,False,False,False,35.11657578028208,77072766757.35522,105.39118664586184,none,False,False,diverges,diverges,inf,inf,,exact_eig,exact_eig,analysed,0.020785665000005338
computational_fluid_dynamics_problem,lns_511,511.0,2796.0,False,False,False,False,False,False,False,False,,,,none,False,False,diverges,diverges,inf,inf,,not_applicable,not_applicable,analysed,0.014042847000041547
chemical_process_simulation_problem,west0989,989.0,3537.0,False,False,False,False,False,False,False,False,,,,none,False,False,diverges,diverges,inf,inf,,not_applicable,not_applicable,analysed,0.016605026999968686
computational_fluid_dynamics_problem,steam1,240.0,3762.0,False,False,False,False,False,False,False,False,1.183771431211531,1.1256104581712598,1.1848923395631623,none,False,False,diverges,diverges,inf,inf,,exact_eig,exact_eig,analysed,0.11678507400000626
computational_fluid_dynamics_problem,lnsp_511,511.0,2796.0,False,False,False,False,False,False,False,False,,,,none,False,False,diverges,diverges,inf,inf,,not_applicable,not_applicable,analysed,0.014541055999984565
optimization_problem,bp_800,822.0,4534.0,False,False,False,False,False,False,False,False,,,,none,False,False,diverges,diverges,inf,inf,,not_applicable,not_applicable,analysed,0.017123087000015857
2d_3d_problem,fs_680_1,680.0,2646.0,False,False,False,False,False,True,False,True,0.9697420136516908,0.940407296155522,0.9698176097940162,h_matrix,True,True,converges,converges,599.5298923170111,299.80501366505695,1.6075464832396877,exact_eig,exact_eig,analysed,0.1923296190000201
chemical_process_simulation_problem,b2_ss,1089.0,4228.0,False,False,False,False,False,False,False,False,,,,none,False,False,diverges,diverges,inf,inf,,not_applicable,not_applicable,analysed,0.01733487100000275
computational_fluid_dynamics_problem,tols1090,1090.0,3546.0,False,False,False,False,False,False,False,False,,,,none,False,False,diverges,diverges,inf,inf,,not_applicable,not_applicable,analysed,0.015478191999989122
optimization_problem,bp_1000,822.0,4661.0,False,False,False,False,False,False,False,False,,,,none,False,False,diverges,diverges,inf,inf,,not_applicable,not_applicable,analysed,0.017797974000018257
optimization_problem,bp_1200,822.0,4726.0,False,False,False,False,False,False,False,False,,,,none,False,False,diverges,diverges,inf,inf,,not_applicable,not_applicable,analysed,0.014523659000019506
random_matrices,rand_041_n51,51.0,2601.0,False,False,False,False,False,False,False,False,285.5311554278561,2874674905007130.0,400.44685248906956,none,False,False,diverges,diverges,inf,inf,,exact_eig,exact_eig,analysed,0.015599295000015445
random_matrices,rand_042_n51,51.0,2601.0,False,False,False,False,False,False,False,False,30.898054424113568,153535231305.76883,110.29893096527141,none,False,False,diverges,diverges,inf,inf,,exact_eig,exact_eig,analysed,0.015593174000002819
2d_3d_problem,fs_680_2,680.0,2646.0,False,False,False,False,False,True,False,True,0.9816125530150649,0.9635632042591803,0.9816125535145388,h_matrix,True,True,converges,converges,992.5685869186099,496.2842937705058,1.6794243479096558,exact_eig,exact_eig,analysed,0.194756625000025
2d_3d_problem,ck400,400.0,2860.0,False,False,False,False,False,False,False,False,1.3923385420404066,0.9991225210207357,1.3938194833491468,none,False,True,diverges,too_slow,inf,20983.519966320833,,exact_eig,exact_eig,analysed,0.5588600269999802
optimization_problem,bp_1400,822.0,4790.0,False,False,False,False,False,False,False,False,,,,none,False,False,diverges,diverges,inf,inf,,not_applicable,not_applicable,analysed,0.016688880999993216
2d_3d_problem,fs_680_3,680.0,2646.0,False,False,False,False,False,True,False,True,0.9878500574692419,0.9758477360420547,0.9878500574694564,h_matrix,True,True,converges,converges,1506.8834767993394,753.441738401883,1.7309872885530873,exact_eig,exact_eig,analysed,0.20816567100001748
optimization_problem,bp_1600,822.0,4841.0,False,False,False,False,False,False,False,False,,,,none,False,False,diverges,diverges,inf,inf,,not_applicable,not_applicable,analysed,0.01809243799999649
electromagnetics_problem,bfwa398,398.0,3678.0,False,False,False,False,False,False,False,False,1.174056302638927,1.0266620314311028,1.214053807060628,none,False,False,diverges,diverges,inf,inf,,exact_eig,exact_eig,analysed,0.34730581000002303
optimal_control_problem,tumorAntiAngiogenesis_3,410.0,3952.0,False,False,False,True,False,False,False,False,,,,none,False,False,diverges,diverges,inf,inf,,not_applicable,not_applicable,analysed,0.3437457160000008
electromagnetics_problem,dw256A,512.0,2480.0,False,False,False,False,False,False,False,True,2.6864841283934204,7.214346656614924,2.6961514613376845,property_a_proxy,False,False,diverges,diverges,inf,inf,,exact_eig,exact_eig,analysed,0.8976541650000058
electromagnetics_problem,dwa512,512.0,2480.0,False,False,False,False,False,False,False,True,2.6864841283934204,7.214346656614924,2.6961514613376845,property_a_proxy,False,False,diverges,diverges,inf,inf,,exact_eig,exact_eig,analysed,0.900057505999996
random_matrices,rand_043_n53,53.0,2809.0,False,False,False,False,False,False,False,False,134.7648722604266,11748776828187.307,263.1416776263451,none,False,False,diverges,diverges,inf,inf,,exact_eig,exact_eig,analysed,0.02168881800002964
electromagnetics_problem,dw256B,512.0,2500.0,True,True,False,False,False,True,False,True,0.2926912303964264,0.0856618734115502,0.2928429257741013,strict_diag_dominant,True,True,converges,converges,14.99277658277108,7.496164550739697,1.0223866855698895,exact_eig,exact_eig,analysed,0.8675196770000184
electromagnetics_problem,dwb512,512.0,2500.0,True,True,False,False,False,True,False,True,0.2926912303964264,0.0856618734115502,0.2928429257741013,strict_diag_dominant,True,True,converges,converges,14.99277658277108,7.496164550739697,1.0223866855698895,exact_eig,exact_eig,analysed,0.8386021869999922
undirected_weighted_graph,Ecoli_10NN,336.0,4560.0,False,False,False,True,False,False,False,False,,,,none,False,False,diverges,diverges,inf,inf,,not_applicable,not_applicable,analysed,0.018742171999974744
computational_fluid_dynamics_problem,poisson2D,367.0,2417.0,False,False,True,False,False,True,True,True,0.9866305632567346,0.9734685986165348,0.9866305632567346,m_matrix,True,True,converges,converges,1368.5892535072612,685.0456979023415,1.7197306850024179,exact_eig,exact_eig,analysed,0.26070810799996025
computational_fluid_dynamics_problem,rdb800l,800.0,4640.0,False,False,False,False,False,False,False,True,2.392638728718845,5.724720086198111,2.8947738865118344,property_a_proxy,False,False,diverges,diverges,inf,inf,,exact_eig,exact_eig,analysed,1.7881997779999779
structural_problem,Chebyshev1,261.0,2319.0,False,False,False,False,False,False,False,False,8164.965876300676,7912202.348326115,8899.328819754777,none,False,False,diverges,diverges,inf,inf,,exact_eig,exact_eig,analysed,0.2602150350000443
computational_fluid_dynamics_problem,sherman4,1104.0,3786.0,True,True,True,False,False,True,True,True,0.9982075378340074,0.996418288588629,0.9982075378340074,m_matrix,True,True,too_slow,converges,10267.534216359561,5133.767108176495,1.8870641169997358,exact_eig,exact_eig,analysed,0.9828756640000051
random_matrices,rand_044_n55,55.0,3025.0,False,False,False,False,False,False,False,False,64.15808950415965,3.2833242668946376e+18,216.69092062884036,none,False,False,diverges,diverges,inf,inf,,exact_eig,exact_eig,analysed,0.02264634099998375
computational_fluid_dynamics_problem,olm1000,1000.0,3996.0,False,False,False,False,False,False,False,False,4.244581376411963,inf,4.774434812932858,none,False,False,diverges,diverges,inf,inf,,exact_eig,power_iteration_unconverged,analysed,2.680435182999986
optimal_control_problem,tumorAntiAngiogenesis_4,455.0,4593.0,False,False,False,True,False,False,False,False,,,,none,False,False,diverges,diverges,inf,inf,,not_applicable,not_applicable,analysed,2.618735861999994
optimal_control_problem,tumorAntiAngiogenesis_7,475.0,4597.0,False,False,False,True,False,False,False,False,,,,none,False,False,diverges,diverges,inf,inf,,not_applicable,not_applicable,analysed,2.5201519870000197
electromagnetics_problem,bfwb782,782.0,5982.0,False,False,False,True,False,False,False,False,1.0553751748502338,0.3732313454957325,1.1018964867737497,none,False,True,diverges,converges,inf,18.690632874199878,,exact_eig,exact_eig,analysed,1.7866434449999815
2d_3d_problem,nnc666,666.0,4044.0,False,False,False,False,False,False,False,False,,,,none,False,False,diverges,diverges,inf,inf,,not_applicable,not_applicable,analysed,0.016678023999986635
optimal_control_problem,tumorAntiAngiogenesis_5,460.0,4690.0,False,False,False,True,False,False,False,False,,,,none,False,False,diverges,diverges,inf,inf,,not_applicable,not_applicable,analysed,2.492714553999974
random_matrices,rand_045_n57,57.0,3249.0,False,False,False,False,False,False,False,False,27.35977382464002,6453315687753665.0,113.71933036984444,none,False,False,diverges,diverges,inf,inf,,exact_eig,exact_eig,analysed,0.017669544000000315
computational_fluid_dynamics_problem,pores_3,532.0,3474.0,False,False,False,False,False,False,False,True,0.9999823579485689,0.999964716429652,1.382814064883787,property_a_proxy,True,True,too_slow,too_slow,1044125.640725615,522066.0944081353,1.9881901186266144,exact_eig,exact_eig,analysed,0.6649471839999705
undirected_weighted_graph,iris_dataset_30NN,150.0,5518.0,False,False,False,True,False,False,False,False,,,,none,False,False,diverges,diverges,inf,inf,,not_applicable,not_applicable,analysed,0.04990311599999586
optimal_control_problem,tumorAntiAngiogenesis_6,465.0,4795.0,False,False,False,True,False,False,False,False,,,,none,False,False,diverges,diverges,inf,inf,,not_applicable,not_applicable,analysed,2.5913204689999816
optimal_control_problem,tumorAntiAngiogenesis_8,490.0,4776.0,False,False,False,True,False,False,False,False,,,,none,False,False,diverges,diverges,inf,inf,,not_applicable,not_applicable,analysed,2.5704269199999885
2d_3d_problem,problem1,415.0,2779.0,False,False,False,True,True,False,False,True,0.9999999999999996,1.0000000000000013,1.0004739878791113,spd,True,False,too_slow,diverges,4.147968546718737e+16,inf,1.999999940395357,exact_eig,exact_eig,analysed,0.390505705999999
computational_fluid_dynamics_problem,cdde4,961.0,4681.0,False,False,False,False,False,True,False,True,0.6867372547832841,0.47160804397827755,0.9260963825514797,h_matrix,True,True,converges,converges,49.01678699256859,24.508392588516948,1.1581408082652096,exact_eig,exact_eig,analysed,3.7150614319999704
eigenvalue_model_reduction_problem,M40PI_n1,2028.0,5007.0,,,,,,,,,,,,,,,,,,,,,,structurally_singular,0.0171027530000174
eigenvalue_model_reduction_problem,S40PI_n1,2028.0,5007.0,,,,,,,,,,,,,,,,,,,,,,structurally_singular,0.0096917359999793
computational_fluid_dynamics_problem,cdde3,961.0,4681.0,False,False,True,False,False,False,False,True,1.0137690683965757,1.0277277240376632,1.0137690683965757,l_matrix,False,False,diverges,diverges,inf,inf,,exact_eig,exact_eig,analysed,2.6272361979999914
optimal_control_problem,spaceStation_3,467.0,5103.0,False,False,False,True,False,False,False,False,,,,none,False,False,diverges,diverges,inf,inf,,not_applicable,not_applicable,analysed,0.022586735999993834
structural_problem,bcsstm23,3134.0,3134.0,True,True,True,True,True,True,True,True,5.4963588836490504e-17,0.0,1.0978919812053221e-16,m_matrix,True,True,converges,converges,0.49200719194077086,1.0,1.0,arpack,power_iteration,analysed,4.906572470000015
optimal_control_problem,freeFlyingRobot_1,798.0,5246.0,False,False,False,True,False,False,False,False,,,,none,False,False,diverges,diverges,inf,inf,,not_applicable,not_applicable,analysed,0.09654761699999881
computational_fluid_dynamics_problem,tub1000,1000.0,3996.0,False,False,False,False,False,False,False,True,0.9999916912146397,0.9999833824983105,1.000029147606787,property_a_proxy,True,True,too_slow,too_slow,2217003.258399724,1108501.628879666,1.9918801860694428,exact_eig,exact_eig,analysed,4.4791576350000355
computational_fluid_dynamics_problem,cdde6,961.0,4681.0,False,False,False,False,False,True,False,True,0.7170922556263958,0.5142213144937606,0.9670314801787506,h_matrix,True,True,converges,converges,55.39208439080666,27.696043119746214,1.1785654804453738,exact_eig,exact_eig,analysed,3.8329632040000092
computational_fluid_dynamics_problem,cdde2,961.0,4681.0,False,False,False,False,False,True,False,True,0.6782923795166914,0.46008049932744405,0.9147080847976403,h_matrix,True,True,converges,converges,47.454352171030536,23.72717257923724,1.1528758899353166,exact_eig,exact_eig,analysed,3.587849891000019
computational_fluid_dynamics_problem,rdb968,968.0,5632.0,False,False,False,False,False,False,False,True,1.8388568052633674,3.381394350217835,2.2661421432345987,property_a_proxy,False,False,diverges,diverges,inf,inf,,exact_eig,exact_eig,analysed,2.4602867639999886
undirected_weighted_graph,Olivetti_norm_10NN,400.0,5656.0,False,False,False,True,False,False,False,False,,,,none,False,False,diverges,diverges,inf,inf,,not_applicable,not_applicable,analysed,0.024909277000006114
computational_fluid_dynamics_problem,cdde1,961.0,4681.0,False,False,True,False,False,False,False,True,1.0013026509298144,1.002606998759089,1.0013026509298144,l_matrix,False,False,diverges,diverges,inf,inf,,exact_eig,exact_eig,analysed,2.5062997360000168
computational_fluid_dynamics_problem,cdde5,961.0,4681.0,False,False,True,False,False,False,False,True,1.0585794536351172,1.1205904596584109,1.0585794536351172,l_matrix,False,False,diverges,diverges,inf,inf,,exact_eig,exact_eig,analysed,2.6386232579999955
directed_weighted_graph,cage7,340.0,3084.0,False,False,False,False,False,True,False,False,0.9813066403388033,0.26799537360800846,0.9813066403388013,h_matrix,True,True,converges,converges,976.1737527574363,13.989127224396901,1.6772181652268179,exact_eig,exact_eig,analysed,0.24773058599998876
eigenvalue_model_reduction_problem,M40PI_n,2182.0,5341.0,False,False,False,False,False,False,False,False,,,,none,False,False,diverges,diverges,inf,inf,,not_applicable,not_applicable,analysed,0.021685260000026574
eigenvalue_model_reduction_problem,S40PI_n,2182.0,5341.0,False,False,False,False,False,False,False,False,,,,none,False,False,diverges,diverges,inf,inf,,not_applicable,not_applicable,analysed,0.02043673699995452
random_matrices,rand_046_n60,60.0,3600.0,False,False,False,False,False,False,False,False,56.42754462712244,7.850378123309422e+16,157.53728738688727,none,False,False,diverges,diverges,inf,inf,,exact_eig,exact_eig,analysed,0.02082266500002561
optimal_control_problem,dynamicSoaringProblem_1,647.0,5367.0,False,False,False,True,False,False,False,False,,,,none,False,False,diverges,diverges,inf,inf,,not_applicable,not_applicable,analysed,0.019302261999996517
optimal_control_problem,spaceStation_2,329.0,5817.0,False,False,False,True,False,False,False,False,,,,none,False,False,diverges,diverges,inf,inf,,not_applicable,not_applicable,analysed,0.01299077600003784
computational_fluid_dynamics_problem,tols2000,2000.0,5184.0,False,False,False,False,False,False,False,False,,,,none,False,False,diverges,diverges,inf,inf,,not_applicable,not_applicable,analysed,0.015232937000007496
directed_weighted_graph,gre_1107,1107.0,5664.0,False,False,False,False,False,False,False,False,4749917.260507894,1.7921101907974164e+32,4749917.260507826,none,False,False,diverges,diverges,inf,inf,,exact_eig,exact_eig,analysed,2.3435461650000207
electromagnetics_problem,utm300,300.0,3155.0,False,False,False,False,False,False,False,False,12.503401468066755,37.5767320102809,17.34929682087354,none,False,False,diverges,diverges,inf,inf,,exact_eig,exact_eig,analysed,0.15749559900001486
statistical_mathematical_problem,Chem97ZtZ,2541.0,7361.0,True,True,False,True,True,True,False,True,0.7889285857814528,0.6224083134630879,0.7889285857814697,spd,True,True,converges,converges,77.69833630217586,38.849168151083305,1.2387852037745197,arpack,arpack,analysed,4.5390935579999905
chemical_process_simulation_problem,b_dyn,1089.0,4264.0,False,False,False,False,False,False,False,False,,,,none,False,False,diverges,diverges,inf,inf,,not_applicable,not_applicable,analysed,0.01769532899999149
materials_problem,laser,3002.0,9000.0,False,False,False,True,False,False,False,False,,,,none,False,False,diverges,diverges,inf,inf,,not_applicable,not_applicable,analysed,2.4996978430000354
random_matrices,rand_047_n62,62.0,3844.0,False,False,False,False,False,False,False,False,43.84140284991071,2458613173352612.0,134.25995969496972,none,False,False,diverges,diverges,inf,inf,,exact_eig,exact_eig,analysed,0.018966696000006777
chemical_process_simulation_problem,west1505,1505.0,5445.0,False,False,False,False,False,False,False,False,,,,none,False,False,diverges,diverges,inf,inf,,not_applicable,not_applicable,analysed,0.014945502999978544
2d_3d_problem,plat362,362.0,5786.0,False,False,False,True,True,False,False,False,2.8840386139602017,0.9999999999577699,2.9004357111152106,spd,False,True,diverges,too_slow,inf,436197809701.60004,,exact_eig,exact_eig,analysed,1.7833984790000272
2d_3d_problem,cz308,308.0,3182.0,False,False,False,False,False,False,False,True,0.9993848214010963,0.9987630398857656,1.0159154251117997,property_a_proxy,True,True,too_slow,too_slow,29934.419356218186,14882.683247608229,1.932234501537724,exact_eig,exact_eig,analysed,0.235215783000001
structural_problem,bcsstm24,3562.0,3562.0,True,True,True,True,True,True,True,True,1.215801932804659e-16,0.0,1.12886592459535e-16,m_matrix,True,True,converges,converges,0.5026661042425649,1.0,1.0,arpack,power_iteration,analysed,5.5545311730000435
structural_problem,bcsstm07,420.0,7252.0,False,False,False,True,True,False,False,False,1.4348275576773657,0.8228354404457688,1.443681832490296,spd,False,True,diverges,converges,inf,94.46549008268838,,exact_eig,exact_eig,analysed,1.7348889749999898
structural_problem,bcsstk19,817.0,6853.0,False,False,False,True,True,False,False,False,2.233791479927462,0.9999999661668143,2.261357490317363,spd,False,True,diverges,too_slow,inf,544455984.6370157,,exact_eig,exact_eig,analysed,4.0634617270000035
optimal_control_problem,orbitRaising_3,761.0,6098.0,False,False,False,True,False,False,False,False,,,,none,False,False,diverges,diverges,inf,inf,,not_applicable,not_applicable,analysed,0.022956672000020717
computational_fluid_dynamics_problem,orsirr_2,886.0,5970.0,True,True,False,False,False,True,False,True,0.9996091928308226,0.9992185364960958,0.9996091928308226,strict_diag_dominant,True,True,too_slow,too_slow,47125.75022913541,23562.81792981602,1.9456111507717817,exact_eig,exact_eig,analysed,1.995411660000002
circuit_simulation_problem,rajat19,1157.0,5399.0,False,False,False,False,False,False,False,False,,,,none,False,False,diverges,diverges,inf,inf,,not_applicable,not_applicable,analysed,0.019194061999996848
random_matrices,rand_048_n65,65.0,4225.0,False,False,False,False,False,False,False,False,163.55354217831626,3.180143185138713e+17,289.2652190409909,none,False,False,diverges,diverges,inf,inf,,exact_eig,exact_eig,analysed,0.021957430999975713
structural_problem,bcsstk06,420.0,7860.0,False,False,False,True,True,False,False,False,1.8973694878006238,0.99981783931085,2.405106155215829,spd,False,True,diverges,too_slow,inf,101114.03847343785,,exact_eig,exact_eig,analysed,2.142882519000011
structural_problem,bcsstk07,420.0,7860.0,False,False,False,True,True,False,False,False,1.8973694878006238,0.99981783931085,2.405106155215829,spd,False,True,diverges,too_slow,inf,101114.03847343785,,exact_eig,exact_eig,analysed,2.148924437000005
optimal_control_problem,lowThrust_1,584.0,6133.0,,,,,,,,,,,,,,,,,,,,,,structurally_singular,0.012041108999994776
directed_weighted_graph,hor_131,434.0,4710.0,False,False,False,False,False,False,False,False,5.734201019580526,0.9970724743429232,5.770935230025932,none,False,True,diverges,converges,inf,6283.020617218592,,exact_eig,exact_eig,analysed,0.4076680109999984
undirected_weighted_graph,umistfacesnorm_10NN,575.0,6990.0,False,False,False,True,False,False,False,False,,,,none,False,False,diverges,diverges,inf,inf,,not_applicable,not_applicable,analysed,0.027015118000008442
optimal_control_problem,orbitRaising_2,739.0,6526.0,False,False,False,True,False,False,False,False,,,,none,False,False,diverges,diverges,inf,inf,,not_applicable,not_applicable,analysed,0.022807556000032037
power_network_problem,qh1484,1484.0,6110.0,False,False,False,False,False,False,False,False,,,,none,False,False,diverges,diverges,inf,inf,,not_applicable,not_applicable,analysed,0.022373256000037145
structural_problem,bcsstm21,3600.0,3600.0,True,True,True,True,True,True,True,True,6.964966364466627e-17,0.0,1.2483012224156328e-16,m_matrix,True,True,converges,converges,0.4951389432046028,1.0,1.0,arpack,power_iteration,analysed,0.0284202230000119
2d_3d_problem,pde900,900.0,4380.0,False,False,False,False,False,False,False,True,0.9566729563282214,0.9152231453697666,1.142136450457035,property_a_proxy,True,True,converges,converges,415.8760105531373,207.93800527653693,1.548989121374429,exact_eig,exact_eig,analysed,2.6376922150000155
optimal_control_problem,spaceShuttleEntry_1,560.0,6891.0,False,False,False,True,False,False,False,False,,,,none,False,False,diverges,diverges,inf,inf,,not_applicable,not_applicable,analysed,0.021190524000019195
2d_3d_problem,fs_541_3,541.0,4285.0,False,False,False,False,False,False,False,False,1.986843431230695,0.9972422642085934,1.9868576171895513,none,False,True,diverges,converges,inf,6670.424855631049,,exact_eig,exact_eig,analysed,0.7849727489999623
undirected_weighted_graph,Spectro_10NN,531.0,7422.0,False,False,False,True,False,False,False,False,,,,none,False,False,diverges,diverges,inf,inf,,not_applicable,not_applicable,analysed,0.02667376200002991
2d_3d_problem,fs_541_4,541.0,4285.0,False,False,False,False,False,False,False,False,1.9431332615438333,0.9920584053060144,1.9431524450793531,none,False,True,diverges,converges,inf,2310.296541180209,,exact_eig,exact_eig,analysed,0.7165391839999984
economic_problem,poli,4008.0,8188.0,False,False,True,False,False,True,True,False,0.9653770056535225,0.9425398549723624,0.965377005653185,m_matrix,True,True,converges,converges,522.7716088420898,311.2806947727794,1.5862206242590984,arpack,arpack,analysed,0.05666032599998516
2d_3d_problem,ck656,656.0,3884.0,False,False,False,False,False,False,False,False,1.3923385412130338,0.9996586524314055,1.3938194825193924,none,False,True,diverges,too_slow,inf,53955.376666669705,,exact_eig,exact_eig,analysed,1.9014759930000196
random_matrices,rand_049_n68,68.0,4624.0,False,False,False,False,False,False,False,False,24.11863430704538,38178345317146.41,110.56694726194925,none,False,False,diverges,diverges,inf,inf,,exact_eig,exact_eig,analysed,0.03208851400000867
2d_3d_problem,fs_541_2,541.0,4285.0,False,False,False,False,False,False,False,False,1.9038523121598776,0.9851088332509966,1.9038647625753846,none,False,True,diverges,converges,inf,1227.787277199218,,exact_eig,exact_eig,analysed,0.6921257340000011
computational_fluid_dynamics_problem,rdb1250l,1250.0,7300.0,False,False,False,False,False,False,False,True,1.477934314510911,2.184289838007927,1.8223358691834264,property_a_proxy,False,False,diverges,diverges,inf,inf,,exact_eig,exact_eig,analysed,3.8540988049999783
linear_programming_problem,iprob,3001.0,9000.0,False,False,False,False,False,False,False,False,,,,none,False,False,diverges,diverges,inf,inf,,not_applicable,not_applicable,analysed,0.031496851000042625
computational_fluid_dynamics_problem,orsirr_1,1030.0,6858.0,True,True,False,False,False,True,False,True,0.9996264244587824,0.9992529888401728,0.9996264244587824,strict_diag_dominant,True,True,too_slow,too_slow,49299.90788948063,24649.965958000397,1.9467912523946596,exact_eig,exact_eig,analysed,2.538503394000031
optimal_control_problem,reorientation_1,677.0,7326.0,False,False,False,True,False,False,False,False,,,,none,False,False,diverges,diverges,inf,inf,,not_applicable,not_applicable,analysed,0.040940771999999015
computational_fluid_dynamics_problem,rdb1250,1250.0,7300.0,False,False,False,False,False,False,False,True,1.0310423544121439,1.0630483365917427,1.1391275870218263,property_a_proxy,False,False,diverges,diverges,inf,inf,,exact_eig,exact_eig,analysed,4.009405350000009
2d_3d_problem,fs_541_1,541.0,4285.0,False,False,False,False,False,True,False,False,0.09966409361423875,0.013587375209631082,0.0996644181587583,h_matrix,True,True,converges,converges,7.988326829449591,4.285260281733115,1.002495642880099,exact_eig,exact_eig,analysed,0.6709252879999781
random_matrices,rand_050_n71,71.0,5041.0,False,False,False,False,False,False,False,False,66.20711756331792,9944783060821580.0,170.9464040056372,none,False,False,diverges,diverges,inf,inf,,exact_eig,exact_eig,analysed,0.027537871999982144
optimal_control_problem,orbitRaising_4,915.0,7790.0,False,False,False,True,False,False,False,False,,,,none,False,False,diverges,diverges,inf,inf,,not_applicable,not_applicable,analysed,0.024503745999993498
random_matrices,rand_051_n74,74.0,5476.0,False,False,False,False,False,False,False,False,57.42569351092211,1.8798586834478484e+16,173.876923134636,none,False,False,diverges,diverges,inf,inf,,exact_eig,exact_eig,analysed,0.02181136299998343
optimal_control_problem,goddardRocketProblem_1,831.0,8498.0,False,False,False,True,False,False,False,False,,,,none,False,False,diverges,diverges,inf,inf,,not_applicable,not_applicable,analysed,0.019468079999967358
chemical_process_simulation_problem,west2021,2021.0,7353.0,False,False,False,False,False,False,False,False,,,,none,False,False,diverges,diverges,inf,inf,,not_applicable,not_applicable,analysed,0.019545846000028178
circuit_simulation_problem,circuit204,1020.0,5883.0,False,False,False,False,False,False,False,False,,,,none,False,False,diverges,diverges,inf,inf,,not_applicable,not_applicable,analysed,0.0161277200000427
random_matrices,rand_052_n76,76.0,5776.0,False,False,False,False,False,False,False,False,33.18192314410791,3.872858971927338e+17,149.12560521013503,none,False,False,diverges,diverges,inf,inf,,exact_eig,exact_eig,analysed,0.0214716500000236
random_matrices,rand_053_n77,77.0,5929.0,False,False,False,False,False,False,False,False,31.143363414608807,2.7796659855283076e+21,155.71768744783643,none,False,False,diverges,diverges,inf,inf,,exact_eig,exact_eig,analysed,0.02440151599995488
model_reduction_problem,t2dal_e,4257.0,4257.0,True,True,True,True,True,True,True,True,7.337328039555793e-17,0.0,8.872881902276545e-17,m_matrix,True,True,converges,converges,0.49583307880408334,1.0,1.0,arpack,power_iteration,analysed,7.04758483300003
undirected_weighted_graph,micromass_10NN,571.0,9668.0,False,False,False,True,False,False,False,False,,,,none,False,False,diverges,diverges,inf,inf,,not_applicable,not_applicable,analysed,0.025726431999999022
optimal_control_problem,goddardRocketProblem_2,867.0,9058.0,False,False,False,True,False,False,False,False,,,,none,False,False,diverges,diverges,inf,inf,,not_applicable,not_applicable,analysed,0.017190212000002703
electromagnetics_problem,bfwa782,782.0,7514.0,False,False,False,False,False,False,False,False,1.2186306224639853,1.0169513223487203,1.311602625663416,none,False,False,diverges,diverges,inf,inf,,exact_eig,exact_eig,analysed,1.8943066920000433
2d_3d_problem,plsk1919,1919.0,9662.0,False,False,False,False,False,False,False,False,,,,none,False,False,diverges,diverges,inf,inf,,not_applicable,not_applicable,analysed,0.02353678200000786
economic_problem,mahindas,1258.0,7682.0,False,False,False,False,False,False,False,False,,,,none,False,False,diverges,diverges,inf,inf,,not_applicable,not_applicable,analysed,0.026391597999975147
computational_fluid_dynamics_problem,tols4000,4000.0,8784.0,False,False,False,False,False,False,False,False,,,,none,False,False,diverges,diverges,inf,inf,,not_applicable,not_applicable,analysed,0.024261277999983122
random_matrices,rand_054_n80,80.0,6400.0,False,False,False,False,False,False,False,False,33.61029894525569,9.79998615835595e+22,177.54670110789226,none,False,False,diverges,diverges,inf,inf,,exact_eig,exact_eig,analysed,0.025946422000004077
2d_3d_problem,fs_760_1,760.0,5976.0,False,False,False,False,False,True,False,False,0.00014996374197043808,1.8298330067691846e-06,0.00014996375648398768,h_matrix,True,True,converges,converges,2.092042697009181,1.3943139945135925,1.000000005622281,exact_eig,exact_eig,analysed,1.5282467220000058
2d_3d_problem,fs_760_2,760.0,5976.0,False,False,False,False,False,False,False,False,1.4900251002326654,0.9990491955909087,1.516507918209967,none,False,True,diverges,too_slow,inf,19364.573772767035,,exact_eig,exact_eig,analysed,1.1341227170000252
computational_fluid_dynamics_problem,olm2000,2000.0,7996.0,False,False,False,False,False,False,False,False,4.243126570816782,inf,4.772610975302389,none,False,False,diverges,diverges,inf,inf,,exact_eig,power_iteration_unconverged,analysed,11.700232425999957
eigenvalue_model_reduction_problem,M80PI_n1,4028.0,9927.0,,,,,,,,,,,,,,,,,,,,,,structurally_singular,0.020244812999976602
eigenvalue_model_reduction_problem,S80PI_n1,4028.0,9927.0,,,,,,,,,,,,,,,,,,,,,,structurally_singular,0.012525943000014195
2d_3d_problem,fs_760_3,760.0,5976.0,False,False,False,False,False,False,False,False,1.6624743588415096,0.9999964747020849,1.685061968425627,none,False,True,diverges,too_slow,inf,5225274.208917929,,exact_eig,exact_eig,analysed,1.432847661999972
circuit_simulation_problem,fpga_dcop_05,1220.0,5852.0,False,False,False,False,False,False,False,False,,,,none,False,False,diverges,diverges,inf,inf,,not_applicable,not_applicable,analysed,0.02201378500001283
circuit_simulation_problem,fpga_dcop_07,1220.0,5855.0,False,False,False,False,False,False,False,False,,,,none,False,False,diverges,diverges,inf,inf,,not_applicable,not_applicable,analysed,0.018911929999944732
circuit_simulation_problem,fpga_dcop_06,1220.0,5860.0,False,False,False,False,False,False,False,False,,,,none,False,False,diverges,diverges,inf,inf,,not_applicable,not_applicable,analysed,0.019080304999988584
circuit_simulation_problem,fpga_dcop_04,1220.0,5884.0,False,False,False,False,False,False,False,False,,,,none,False,False,diverges,diverges,inf,inf,,not_applicable,not_applicable,analysed,0.01757040900008633
undirected_weighted_graph,Vehicle_10NN,846.0,10894.0,False,False,False,True,False,False,False,False,,,,none,False,False,diverges,diverges,inf,inf,,not_applicable,not_applicable,analysed,0.02185271299993019
circuit_simulation_problem,fpga_dcop_03,1220.0,5892.0,False,False,False,False,False,False,False,False,,,,none,False,False,diverges,diverges,inf,inf,,not_applicable,not_applicable,analysed,0.015399412000078883
circuit_simulation_problem,fpga_dcop_08,1220.0,5888.0,False,False,False,False,False,False,False,False,,,,none,False,False,diverges,diverges,inf,inf,,not_applicable,not_applicable,analysed,0.014855719000024692
circuit_simulation_problem,fpga_dcop_02,1220.0,5892.0,False,False,False,False,False,False,False,False,,,,none,False,False,diverges,diverges,inf,inf,,not_applicable,not_applicable,analysed,0.014539753000008204
circuit_simulation_problem,fpga_dcop_09,1220.0,5888.0,False,False,False,False,False,False,False,False,,,,none,False,False,diverges,diverges,inf,inf,,not_applicable,not_applicable,analysed,0.01683854100008375
circuit_simulation_problem,fpga_dcop_10,1220.0,5884.0,False,False,False,False,False,False,False,False,,,,none,False,False,diverges,diverges,inf,inf,,not_applicable,not_applicable,analysed,0.01781076600002507
circuit_simulation_problem,fpga_dcop_11,1220.0,5892.0,False,False,False,False,False,False,False,False,,,,none,False,False,diverges,diverges,inf,inf,,not_applicable,not_applicable,analysed,0.015096060000018952
circuit_simulation_problem,fpga_dcop_13,1220.0,5892.0,False,False,False,False,False,False,False,False,,,,none,False,False,diverges,diverges,inf,inf,,not_applicable,not_applicable,analysed,0.01490995100004966
circuit_simulation_problem,fpga_dcop_15,1220.0,5892.0,False,False,False,False,False,False,False,False,,,,none,False,False,diverges,diverges,inf,inf,,not_applicable,not_applicable,analysed,0.016198872000018127
eigenvalue_model_reduction_problem,M80PI_n,4182.0,10261.0,False,False,False,False,False,False,False,False,,,,none,False,False,diverges,diverges,inf,inf,,not_applicable,not_applicable,analysed,0.024186983000049622
eigenvalue_model_reduction_problem,S80PI_n,4182.0,10261.0,False,False,False,False,False,False,False,False,,,,none,False,False,diverges,diverges,inf,inf,,not_applicable,not_applicable,analysed,0.022004025000001093
circuit_simulation_problem,fpga_dcop_16,1220.0,5892.0,False,False,False,False,False,False,False,False,,,,none,False,False,diverges,diverges,inf,inf,,not_applicable,not_applicable,analysed,0.014999932000023364
circuit_simulation_problem,fpga_dcop_14,1220.0,5892.0,False,False,False,False,False,False,False,False,,,,none,False,False,diverges,diverges,inf,inf,,not_applicable,not_applicable,analysed,0.015658413000096516
circuit_simulation_problem,fpga_dcop_12,1220.0,5892.0,False,False,False,False,False,False,False,False,,,,none,False,False,diverges,diverges,inf,inf,,not_applicable,not_applicable,analysed,0.015270130999965659
circuit_simulation_problem,fpga_dcop_17,1220.0,5892.0,False,False,False,False,False,False,False,False,,,,none,False,False,diverges,diverges,inf,inf,,not_applicable,not_applicable,analysed,0.015025093000076595
circuit_simulation_problem,fpga_dcop_22,1220.0,5892.0,False,False,False,False,False,False,False,False,,,,none,False,False,diverges,diverges,inf,inf,,not_applicable,not_applicable,analysed,0.015055249000056392
circuit_simulation_problem,fpga_dcop_18,1220.0,5892.0,False,False,False,False,False,False,False,False,,,,none,False,False,diverges,diverges,inf,inf,,not_applicable,not_applicable,analysed,0.015024838000044838
circuit_simulation_problem,fpga_dcop_21,1220.0,5892.0,False,False,False,False,False,False,False,False,,,,none,False,False,diverges,diverges,inf,inf,,not_applicable,not_applicable,analysed,0.015733599999975922
circuit_simulation_problem,fpga_dcop_24,1220.0,5892.0,False,False,False,False,False,False,False,False,,,,none,False,False,diverges,diverges,inf,inf,,not_applicable,not_applicable,analysed,0.015510757000015474
circuit_simulation_problem,fpga_dcop_23,1220.0,5892.0,False,False,False,False,False,False,False,False,,,,none,False,False,diverges,diverges,inf,inf,,not_applicable,not_applicable,analysed,0.01563300700001946
circuit_simulation_problem,fpga_dcop_19,1220.0,5892.0,False,False,False,False,False,False,False,False,,,,none,False,False,diverges,diverges,inf,inf,,not_applicable,not_applicable,analysed,0.015788186000008864
circuit_simulation_problem,fpga_dcop_20,1220.0,5892.0,False,False,False,False,False,False,False,False,,,,none,False,False,diverges,diverges,inf,inf,,not_applicable,not_applicable,analysed,0.015619576999938545
circuit_simulation_problem,fpga_dcop_27,1220.0,5892.0,False,False,False,False,False,False,False,False,,,,none,False,False,diverges,diverges,inf,inf,,not_applicable,not_applicable,analysed,0.020741702000009354
circuit_simulation_problem,fpga_dcop_28,1220.0,5892.0,False,False,False,False,False,False,False,False,,,,none,False,False,diverges,diverges,inf,inf,,not_applicable,not_applicable,analysed,0.017508549000012863
circuit_simulation_problem,fpga_dcop_25,1220.0,5892.0,False,False,False,False,False,False,False,False,,,,none,False,False,diverges,diverges,inf,inf,,not_applicable,not_applicable,analysed,0.01520960000004834
circuit_simulation_problem,fpga_dcop_26,1220.0,5892.0,False,False,False,False,False,False,False,False,,,,none,False,False,diverges,diverges,inf,inf,,not_applicable,not_applicable,analysed,0.015545713999927102
circuit_simulation_problem,fpga_dcop_34,1220.0,5892.0,False,False,False,False,False,False,False,False,,,,none,False,False,diverges,diverges,inf,inf,,not_applicable,not_applicable,analysed,0.01636419900000874
circuit_simulation_problem,fpga_dcop_41,1220.0,5892.0,False,False,False,False,False,False,False,False,,,,none,False,False,diverges,diverges,inf,inf,,not_applicable,not_applicable,analysed,0.016503962000001593
circuit_simulation_problem,fpga_dcop_40,1220.0,5892.0,False,False,False,False,False,False,False,False,,,,none,False,False,diverges,diverges,inf,inf,,not_applicable,not_applicable,analysed,0.015582912000013494
circuit_simulation_problem,fpga_dcop_29,1220.0,5892.0,False,False,False,False,False,False,False,False,,,,none,False,False,diverges,diverges,inf,inf,,not_applicable,not_applicable,analysed,0.01617320299999392
circuit_simulation_problem,fpga_dcop_51,1220.0,5892.0,False,False,False,False,False,False,False,False,,,,none,False,False,diverges,diverges,inf,inf,,not_applicable,not_applicable,analysed,0.019358794000027046
circuit_simulation_problem,fpga_dcop_38,1220.0,5892.0,False,False,False,False,False,False,False,False,,,,none,False,False,diverges,diverges,inf,inf,,not_applicable,not_applicable,analysed,0.01670004900006461
circuit_simulation_problem,fpga_dcop_36,1220.0,5892.0,False,False,False,False,False,False,False,False,,,,none,False,False,diverges,diverges,inf,inf,,not_applicable,not_applicable,analysed,0.017585662999977103
circuit_simulation_problem,fpga_dcop_47,1220.0,5892.0,False,False,False,False,False,False,False,False,,,,none,False,False,diverges,diverges,inf,inf,,not_applicable,not_applicable,analysed,0.016515481000055843
circuit_simulation_problem,fpga_dcop_44,1220.0,5892.0,False,False,False,False,False,False,False,False,,,,none,False,False,diverges,diverges,inf,inf,,not_applicable,not_applicable,analysed,0.016966883000009148
circuit_simulation_problem,fpga_dcop_45,1220.0,5892.0,False,False,False,False,False,False,False,False,,,,none,False,False,diverges,diverges,inf,inf,,not_applicable,not_applicable,analysed,0.018428447000019332
circuit_simulation_problem,fpga_dcop_43,1220.0,5892.0,False,False,False,False,False,False,False,False,,,,none,False,False,diverges,diverges,inf,inf,,not_applicable,not_applicable,analysed,0.01571965799996633
circuit_simulation_problem,fpga_dcop_48,1220.0,5892.0,False,False,False,False,False,False,False,False,,,,none,False,False,diverges,diverges,inf,inf,,not_applicable,not_applicable,analysed,0.016810579999969377
circuit_simulation_problem,fpga_dcop_39,1220.0,5892.0,False,False,False,False,False,False,False,False,,,,none,False,False,diverges,diverges,inf,inf,,not_applicable,not_applicable,analysed,0.01608391100000972
circuit_simulation_problem,fpga_dcop_46,1220.0,5892.0,False,False,False,False,False,False,False,False,,,,none,False,False,diverges,diverges,inf,inf,,not_applicable,not_applicable,analysed,0.018314340999950218
circuit_simulation_problem,fpga_dcop_42,1220.0,5892.0,False,False,False,False,False,False,False,False,,,,none,False,False,diverges,diverges,inf,inf,,not_applicable,not_applicable,analysed,0.018560610000008637
circuit_simulation_problem,fpga_dcop_49,1220.0,5892.0,False,False,False,False,False,False,False,False,,,,none,False,False,diverges,diverges,inf,inf,,not_applicable,not_applicable,analysed,0.015378154000018185
circuit_simulation_problem,fpga_dcop_50,1220.0,5892.0,False,False,False,False,False,False,False,False,,,,none,False,False,diverges,diverges,inf,inf,,not_applicable,not_applicable,analysed,0.01590863499995976
circuit_simulation_problem,fpga_dcop_33,1220.0,5892.0,False,False,False,False,False,False,False,False,,,,none,False,False,diverges,diverges,inf,inf,,not_applicable,not_applicable,analysed,0.021418735999986893
circuit_simulation_problem,fpga_dcop_35,1220.0,5892.0,False,False,False,False,False,False,False,False,,,,none,False,False,diverges,diverges,inf,inf,,not_applicable,not_applicable,analysed,0.01585265200003505
circuit_simulation_problem,fpga_dcop_37,1220.0,5892.0,False,False,False,False,False,False,False,False,,,,none,False,False,diverges,diverges,inf,inf,,not_applicable,not_applicable,analysed,0.018218246999936127
circuit_simulation_problem,fpga_dcop_32,1220.0,5892.0,False,False,False,False,False,False,False,False,,,,none,False,False,diverges,diverges,inf,inf,,not_applicable,not_applicable,analysed,0.01593244700006835
circuit_simulation_problem,fpga_dcop_30,1220.0,5892.0,False,False,False,False,False,False,False,False,,,,none,False,False,diverges,diverges,inf,inf,,not_applicable,not_applicable,analysed,0.09521160999997846
circuit_simulation_problem,fpga_dcop_31,1220.0,5892.0,False,False,False,False,False,False,False,False,,,,none,False,False,diverges,diverges,inf,inf,,not_applicable,not_applicable,analysed,0.016282724000006965
computational_fluid_dynamics_problem,ex32,1159.0,11343.0,False,False,False,True,False,False,False,False,,,,none,False,False,diverges,diverges,inf,inf,,not_applicable,not_applicable,analysed,2.6117792869999903
random_matrices,rand_056_n83,83.0,6889.0,False,False,False,False,False,False,False,False,33.59455154135321,8.584887797674834e+17,170.44662552673563,none,False,False,diverges,diverges,inf,inf,,exact_eig,exact_eig,analysed,0.03015331500000684
random_matrices,rand_055_n83,83.0,6889.0,False,False,False,False,False,False,False,False,61.684618650247415,1.8412672546860433e+22,188.3916574560524,none,False,False,diverges,diverges,inf,inf,,exact_eig,exact_eig,analysed,0.033561759999997776
model_reduction_problem,rail_1357,1357.0,8985.0,False,False,False,True,False,False,False,False,1.0159945895945448,0.9996579168170562,1.2046872554922274,none,False,True,diverges,too_slow,inf,53839.331425895245,,exact_eig,exact_eig,analysed,4.156729175999999
circuit_simulation_problem,rajat04,1041.0,9642.0,False,False,False,False,False,False,False,False,,,,none,False,False,diverges,diverges,inf,inf,,not_applicable,not_applicable,analysed,0.024816520000058517
circuit_simulation_problem,fpga_dcop_01,1220.0,5892.0,False,False,False,False,False,False,False,False,,,,none,False,False,diverges,diverges,inf,inf,,not_applicable,not_applicable,analysed,0.018437749999975495
structural_problem,bcsstk08,1074.0,12960.0,False,False,False,True,True,False,False,False,1.836087707225461,0.9984961815455676,1.9653093602221707,spd,False,True,diverges,too_slow,inf,12240.058988356954,,exact_eig,exact_eig,analysed,5.247015387000033
structural_problem,nos3,960.0,15844.0,False,False,False,True,True,False,False,False,1.6313918161551249,0.9998396790820128,1.7763913231919088,spd,False,True,diverges,too_slow,inf,114889.58724486157,,exact_eig,exact_eig,analysed,2.486929152000016
computational_fluid_dynamics_problem,cavity04,317.0,7327.0,False,False,False,False,False,False,False,False,,,,none,False,False,diverges,diverges,inf,inf,,not_applicable,not_applicable,analysed,0.017739523000045665
computational_fluid_dynamics_problem,cavity02,317.0,7327.0,False,False,False,False,False,False,False,False,,,,none,False,False,diverges,diverges,inf,inf,,not_applicable,not_applicable,analysed,0.01703295100003288
2d_3d_problem,nnc1374,1374.0,8606.0,False,False,False,False,False,False,False,False,,,,none,False,False,diverges,diverges,inf,inf,,not_applicable,not_applicable,analysed,0.019541495999988
optimal_control_problem,freeFlyingRobot_2,1338.0,11600.0,False,False,False,True,False,False,False,False,,,,none,False,False,diverges,diverges,inf,inf,,not_applicable,not_applicable,analysed,0.8220855939999865
random_matrices,rand_057_n87,87.0,7569.0,False,False,False,False,False,False,False,False,24.16861744359971,2.0031621744886825e+18,129.6294024605294,none,False,False,diverges,diverges,inf,inf,,exact_eig,exact_eig,analysed,0.0268439369999669
electromagnetics_problem,mhda416,416.0,8562.0,False,False,False,False,False,False,False,False,,,,none,False,False,diverges,diverges,inf,inf,,not_applicable,not_applicable,analysed,0.017467595999960395
2d_3d_problem,cz628,628.0,6346.0,False,False,False,False,False,False,False,True,0.9998461584086595,0.9996935022088476,1.0165672793248564,property_a_proxy,True,True,too_slow,too_slow,119728.76524291809,60091.322620937535,1.9655242609649386,exact_eig,exact_eig,analysed,1.1924867369999674
optimization_problem,zenios,2873.0,27191.0,False,False,False,True,False,False,False,False,,,,none,False,False,diverges,diverges,inf,inf,,not_applicable,not_applicable,analysed,0.04290346300001602
counter_example_problem,Pd,8081.0,13036.0,False,False,False,False,False,True,False,False,0.7568212123675045,0.6296722015497952,0.823903266885207,h_matrix,True,True,converges,converges,66.11203958540213,39.823684759849826,1.2094662875850104,arpack,arpack,analysed,5.2490525270000035
random_matrices,rand_058_n90,90.0,8100.0,False,False,False,False,False,False,False,False,72.46333440638658,5.16692541534941e+29,271.3420810077954,none,False,False,diverges,diverges,inf,inf,,exact_eig,exact_eig,analysed,0.028658880999955727
computational_fluid_dynamics_problem,rdb2048,2048.0,12032.0,False,False,False,False,False,False,False,True,1.1925174525893638,1.4220980552193259,1.4191192135384412,property_a_proxy,False,False,diverges,diverges,inf,inf,,arpack,arpack,analysed,0.04448843800003033
computational_fluid_dynamics_problem,steam2,600.0,13760.0,False,False,False,False,False,True,False,True,0.9986595428238333,0.9968936845567403,0.9991059107970319,h_matrix,True,True,too_slow,converges,13732.875801126835,5920.858979796211,1.9015741556635117,exact_eig,exact_eig,analysed,0.5680721719999156
structural_problem,rotor2,791.0,10685.0,False,False,False,False,False,False,False,False,,,,none,False,False,diverges,diverges,inf,inf,,not_applicable,not_applicable,analysed,0.023259607999989385
undirected_weighted_graph,mice_10NN,1077.0,13484.0,False,False,False,True,False,False,False,False,,,,none,False,False,diverges,diverges,inf,inf,,not_applicable,not_applicable,analysed,0.03694814200002838
computational_fluid_dynamics_problem,cavity03,317.0,7327.0,False,False,False,False,False,False,False,False,,,,none,False,False,diverges,diverges,inf,inf,,not_applicable,not_applicable,analysed,0.015301219000093624
optimal_control_problem,freeFlyingRobot_3,1718.0,12922.0,False,False,False,True,False,False,False,False,,,,none,False,False,diverges,diverges,inf,inf,,not_applicable,not_applicable,analysed,0.23018854499991903
structural_problem,bcsstm38,8032.0,10485.0,,,,,,,,,,,,,,,,,,,,,,structurally_singular,0.012422149000030913
computational_fluid_dynamics_problem,rdb2048_noL,2048.0,12032.0,False,False,False,False,False,False,False,True,1.0155624631487539,1.0313671577824568,1.083492762829673,property_a_proxy,False,False,diverges,diverges,inf,inf,,arpack,arpack,analysed,0.06462208900006772
computational_fluid_dynamics_problem,cavity01,317.0,7327.0,False,False,False,False,False,False,False,False,,,,none,False,False,diverges,diverges,inf,inf,,not_applicable,not_applicable,analysed,0.01497861699999703
chemical_process_simulation_problem,bwm2000,2000.0,7996.0,False,False,False,False,False,False,False,True,0.9999659478657027,0.9999318968909414,1.00011491565957,property_a_proxy,True,True,too_slow,too_slow,540946.0373203242,270473.01861318754,1.9836301698070684,exact_eig,exact_eig,analysed,16.65244906099997
model_reduction_problem,filter2D,1668.0,10750.0,False,False,False,True,False,False,False,True,0.9999222736412015,0.9998445540306968,1.0015641458910456,property_a_proxy,True,True,too_slow,too_slow,236984.7904003726,118492.93409883813,1.9753714136388614,exact_eig,exact_eig,analysed,7.78774057399994
circuit_simulation_problem,fpga_trans_02,1220.0,7382.0,False,False,False,False,False,False,False,False,,,,none,False,False,diverges,diverges,inf,inf,,not_applicable,not_applicable,analysed,0.027150350999932016
circuit_simulation_problem,fpga_trans_01,1220.0,7382.0,False,False,False,False,False,False,False,False,,,,none,False,False,diverges,diverges,inf,inf,,not_applicable,not_applicable,analysed,0.019810742999993636
optimal_control_problem,spaceStation_4,950.0,13626.0,False,False,False,True,False,False,False,False,,,,none,False,False,diverges,diverges,inf,inf,,not_applicable,not_applicable,analysed,0.021974646999979086
computational_fluid_dynamics_problem,pores_2,1224.0,9613.0,False,False,False,False,False,False,False,False,14.71146143148806,87.2078077609648,15.395919193695496,none,False,False,diverges,diverges,inf,inf,,exact_eig,exact_eig,analysed,3.8175467300000037
optimization_problem,c-18,2169.0,15145.0,False,False,False,True,False,False,False,True,154983.35964303275,24019843565.52855,158710.31251035363,property_a_proxy,False,False,diverges,diverges,inf,inf,,arpack,arpack,analysed,0.7074658050000835
random_matrices,rand_059_n94,94.0,8836.0,False,False,False,False,False,False,False,False,45.85349552003471,7.0930022297618675e+22,205.63028869210027,none,False,False,diverges,diverges,inf,inf,,exact_eig,exact_eig,analysed,0.04002435300003526
computational_fluid_dynamics_problem,lung1,1650.0,7419.0,False,False,False,False,False,False,False,False,7.411198957006418,103.38403702796552,7.411198957006489,none,False,False,diverges,diverges,inf,inf,,exact_eig,exact_eig,analysed,19.97166196899991
random_matrices,rand_060_n98,98.0,9604.0,False,False,False,False,False,False,False,False,94.16045085525914,8.357201223282652e+26,325.3843116001805,none,False,False,diverges,diverges,inf,inf,,exact_eig,exact_eig,analysed,0.0835450890000402
random_matrices,rand_061_n98,98.0,9604.0,False,False,False,False,False,False,False,False,110.7177955721272,5.18948123995263e+24,323.2669266909459,none,False,False,diverges,diverges,inf,inf,,exact_eig,exact_eig,analysed,0.03826103999995212
circuit_simulation_problem,rajat12,1879.0,12926.0,False,False,False,False,False,False,False,False,,,,none,False,False,diverges,diverges,inf,inf,,not_applicable,not_applicable,analysed,0.034578141999986656
thermal_problem,epb0,1794.0,7764.0,False,False,False,False,False,False,False,True,0.9998208471546202,0.9991490415836062,1.0268386376432226,property_a_proxy,True,True,too_slow,too_slow,102811.82303827122,21637.769437983192,1.9628470032110936,exact_eig,exact_eig,analysed,8.492115977000026
optimal_control_problem,spaceStation_5,1019.0,15219.0,False,False,False,True,False,False,False,False,,,,none,False,False,diverges,diverges,inf,inf,,not_applicable,not_applicable,analysed,0.03616104399998221
optimal_control_problem,hangGlider_2,1647.0,14754.0,False,False,False,True,False,False,False,False,,,,none,False,False,diverges,diverges,inf,inf,,not_applicable,not_applicable,analysed,0.025087101000053735
chemical_process_simulation_problem,extr1,2837.0,11407.0,False,False,False,False,False,False,False,False,,,,none,False,False,diverges,diverges,inf,inf,,not_applicable,not_applicable,analysed,0.02133141899992097
structural_problem,bcsstk09,1083.0,18437.0,False,False,False,True,True,False,False,True,0.9998105882619065,0.9996212146139184,2.0236747072117014,spd,True,True,too_slow,too_slow,97242.84422754934,48621.70626973913,1.9618181795467902,exact_eig,exact_eig,analysed,3.133624442999917
undirected_weighted_graph,collins_15NN,1000.0,16492.0,False,False,False,True,False,False,False,False,,,,none,False,False,diverges,diverges,inf,inf,,not_applicable,not_applicable,analysed,0.06206468599998516
undirected_weighted_graph,hep-th,8361.0,31502.0,,,,,,,,,,,,,,,,,,,,,,structurally_singular,0.01573544000007132
computational_fluid_dynamics_problem,watt_1,1856.0,11360.0,False,False,False,False,False,True,False,True,0.9986964505402208,0.9973946003216154,0.9986964505402208,h_matrix,True,True,too_slow,converges,14121.958980153653,7060.979490021681,1.9028715090650306,exact_eig,exact_eig,analysed,8.805034233000015
structural_problem,bcsstk34,588.0,21418.0,False,False,False,True,True,False,False,False,2.917667298305685,0.976497867836581,3.377750338210478,spd,False,True,diverges,converges,inf,774.5407938881484,,exact_eig,exact_eig,analysed,3.862949006000008
computational_fluid_dynamics_problem,saylr4,3564.0,22316.0,False,False,False,True,False,True,False,True,0.9999996519523255,0.9999993265806156,0.9999996593427,h_matrix,True,True,too_slow,too_slow,52925730.84120133,27353941.64342427,1.9983327445990426,arpack,arpack,analysed,1.7210066499999357
computational_fluid_dynamics_problem,watt_2,1856.0,11550.0,False,False,False,False,False,False,False,False,4.964519381328595,15.034258187077995,5.201654649745104,none,False,False,diverges,diverges,inf,inf,,exact_eig,exact_eig,analysed,9.087391893000017
computational_fluid_dynamics_problem,orsreg_1,2205.0,14133.0,True,True,False,False,False,True,False,True,0.9996275804930569,0.9992552733572294,0.9996278296582773,strict_diag_dominant,True,True,too_slow,too_slow,49452.96923826078,24725.61024256764,1.946871440142066,arpack,arpack,analysed,0.4553940870000588
optimal_control_problem,dynamicSoaringProblem_2,1591.0,15588.0,False,False,False,True,False,False,False,False,,,,none,False,False,diverges,diverges,inf,inf,,not_applicable,not_applicable,analysed,0.02481095500002084
random_matrices,rand_062_n102,102.0,10404.0,False,False,False,False,False,False,False,False,48.72068785872449,4.7776502572600996e+25,229.88870982276674,none,False,False,diverges,diverges,inf,inf,,exact_eig,exact_eig,analysed,0.04692640400003256
chemical_process_simulation_problem,extr1b,2836.0,11404.0,False,False,False,False,False,False,False,False,,,,none,False,False,diverges,diverges,inf,inf,,not_applicable,not_applicable,analysed,0.046154245000025185
undirected_weighted_graph,cnae9_10NN,1080.0,18278.0,False,False,False,True,False,False,False,False,,,,none,False,False,diverges,diverges,inf,inf,,not_applicable,not_applicable,analysed,0.0383014799999728
theoretical_quantum_chemistry_problem,Si2,769.0,17801.0,False,False,False,True,False,False,False,False,1.3233365401051627,1.0531059348960732,1.3310293185802,none,False,False,diverges,diverges,inf,inf,,exact_eig,exact_eig,analysed,1.8445260710000184
optimal_control_problem,spaceStation_6,1111.0,17595.0,False,False,False,True,False,False,False,False,,,,none,False,False,diverges,diverges,inf,inf,,not_applicable,not_applicable,analysed,0.03725245399994037
structural_problem,bcsstm12,1473.0,19659.0,False,False,False,True,True,False,False,False,3.28559343848109,0.9972858634698146,3.3022078279606433,spd,False,True,diverges,converges,inf,6777.7251050861305,,exact_eig,exact_eig,analysed,8.990683094000019
optimal_control_problem,spaceStation_10,1272.0,17478.0,False,False,False,True,False,False,False,False,,,,none,False,False,diverges,diverges,inf,inf,,not_applicable,not_applicable,analysed,0.039482320000047366
random_matrices,rand_063_n107,107.0,11449.0,False,False,False,False,False,False,False,False,131.09364208370457,9.563938475642882e+22,297.158083183552,none,False,False,diverges,diverges,inf,inf,,exact_eig,exact_eig,analysed,0.04699250499993468
optimal_control_problem,spaceStation_7,1134.0,18252.0,False,False,False,True,False,False,False,False,,,,none,False,False,diverges,diverges,inf,inf,,not_applicable,not_applicable,analysed,0.032981717999973625
electromagnetics_problem,dw1024,2048.0,10114.0,False,False,False,False,False,False,False,True,288.5821948529048,83279.68318611923,288.849678394718,property_a_proxy,False,False,diverges,diverges,inf,inf,,arpack,arpack,analysed,0.03797988899998472
electromagnetics_problem,dw2048,2048.0,10114.0,False,False,False,False,False,False,False,True,288.5821948529037,83279.6831861193,288.8496783947144,property_a_proxy,False,False,diverges,diverges,inf,inf,,arpack,arpack,analysed,0.028432447999989563
optimal_control_problem,freeFlyingRobot_4,2358.0,18218.0,False,False,False,True,False,False,False,False,,,,none,False,False,diverges,diverges,inf,inf,,not_applicable,not_applicable,analysed,0.10048417600000903
structural_problem,bcsstk10,1086.0,22070.0,False,False,False,True,True,False,False,False,2.7634966385456816,0.9995329765604716,3.6244499591559536,spd,False,True,diverges,too_slow,inf,39433.521758174924,,exact_eig,exact_eig,analysed,6.5750956279999855
optimal_control_problem,reorientation_2,1544.0,17910.0,False,False,False,True,False,False,False,False,,,,none,False,False,diverges,diverges,inf,inf,,not_applicable,not_applicable,analysed,5.081983777999994
structural_problem,bcsstm10,1086.0,22092.0,False,False,False,True,False,False,False,False,3.727226191134494,10.874148007352506,4.476420727462823,none,False,False,diverges,diverges,inf,inf,,exact_eig,exact_eig,analysed,3.1901711990000194
model_reduction_problem,spiral,1434.0,18228.0,False,False,False,True,False,False,False,False,18.854555732824878,0.9996483314726686,18.85783211549616,none,False,True,diverges,too_slow,inf,52371.594657624904,,exact_eig,exact_eig,analysed,3.9666616350000368
undirected_weighted_graph,Binaryalphadigs_10NN,1404.0,19392.0,False,False,False,True,False,False,False,False,,,,none,False,False,diverges,diverges,inf,inf,,not_applicable,not_applicable,analysed,0.0495844729999817
optimal_control_problem,spaceStation_8,1157.0,18945.0,False,False,False,True,False,False,False,False,,,,none,False,False,diverges,diverges,inf,inf,,not_applicable,not_applicable,analysed,0.03017134200001692
structural_problem,bcsstk21,3600.0,26600.0,False,False,False,True,True,False,False,True,0.9999354530973751,0.9998709109471542,1.6376559213363024,spd,True,True,too_slow,too_slow,285375.2153786937,142688.25557389949,1.9775317545783337,arpack,arpack,analysed,7.414877324000031
optimization_problem,c-20,2921.0,22685.0,False,False,False,True,False,False,False,True,857462.2286082881,735241473261.6727,891402.9664081899,property_a_proxy,False,False,diverges,diverges,inf,inf,,arpack,arpack,analysed,0.15986943200005044
structural_problem,bcsstm34,588.0,24270.0,False,False,False,True,False,False,False,False,871.0544211284205,51388733.186236985,872.8667680305609,none,False,False,diverges,diverges,inf,inf,,exact_eig,exact_eig,analysed,0.9437757460000284
optimal_control_problem,spaceStation_11,1364.0,18954.0,False,False,False,True,False,False,False,False,,,,none,False,False,diverges,diverges,inf,inf,,not_applicable,not_applicable,analysed,0.04032373600000483
random_matrices,rand_064_n111,111.0,12321.0,False,False,False,False,False,False,False,False,62.56051169481378,1.9137998615366982e+23,243.47074850953905,none,False,False,diverges,diverges,inf,inf,,exact_eig,exact_eig,analysed,0.05033917899993412
optimal_control_problem,spaceStation_9,1180.0,19674.0,False,False,False,True,False,False,False,False,,,,none,False,False,diverges,diverges,inf,inf,,not_applicable,not_applicable,analysed,0.03247758800000611
electromagnetics_problem,mhd3200b,3200.0,18316.0,False,False,False,True,True,False,False,False,1.3390036838925738,0.9332018763884271,1.48626929951978,spd,False,True,diverges,converges,inf,266.44998383986643,,arpack,arpack,analysed,5.494685683000057
directed_weighted_graph,cage8,1015.0,11003.0,False,False,False,False,False,True,False,False,0.965733246510138,0.26187738492241763,0.9657332465101383,h_matrix,True,True,converges,converges,528.3032790695418,13.748019318610014,1.587885455269,exact_eig,exact_eig,analysed,2.414282893999939
statistical_mathematical_problem,rw5151,5151.0,20199.0,False,False,False,False,False,False,False,False,,,,none,False,False,diverges,diverges,inf,inf,,not_applicable,not_applicable,analysed,0.043945156000063434
optimization_problem,c-19,2327.0,21817.0,False,False,False,True,False,False,False,True,1040558.4608770345,1082761910657.7153,1063933.3803079724,property_a_proxy,False,False,diverges,diverges,inf,inf,,arpack,arpack,analysed,0.12392333800005417
random_matrices,rand_065_n113,113.0,12769.0,False,False,False,False,False,False,False,False,114.57977559746135,1.7131838911677004e+30,399.3608572457318,none,False,False,diverges,diverges,inf,inf,,exact_eig,exact_eig,analysed,0.04892926100001205
optimal_control_problem,spaceStation_12,1410.0,19728.0,False,False,False,True,False,False,False,False,,,,none,False,False,diverges,diverges,inf,inf,,not_applicable,not_applicable,analysed,0.03731063500003984
computational_fluid_dynamics_problem,bcsstm13,2003.0,21943.0,False,False,False,True,True,False,False,False,,,,spd,False,False,diverges,diverges,inf,inf,,not_applicable,not_applicable,analysed,3.4611956310000096
computational_fluid_dynamics_problem,rdb3200l,3200.0,18880.0,False,False,False,False,False,False,False,True,1.0926126610950304,1.1938028560823462,1.247367724021217,property_a_proxy,False,False,diverges,diverges,inf,inf,,arpack,arpack,analysed,0.068703811999967
undirected_weighted_graph,plantstexture_10NN,1599.0,21204.0,False,False,False,True,False,False,False,False,,,,none,False,False,diverges,diverges,inf,inf,,not_applicable,not_applicable,analysed,0.033103347999940524
random_matrices,rand_066_n116,116.0,13456.0,False,False,False,False,False,False,False,False,92.24426224473603,9.433199510061891e+26,290.6157456526851,none,False,False,diverges,diverges,inf,inf,,exact_eig,exact_eig,analysed,0.05058225000004768
2d_3d_problem,pde2961,2961.0,14585.0,False,False,False,False,False,False,False,True,0.9871600883459698,0.9744847800075161,1.0112609758453275,property_a_proxy,True,True,converges,converges,1425.4121498492163,712.6987173406451,1.7245333414601525,arpack,arpack,analysed,0.131661824000048
undirected_weighted_graph,Plants_10NN,1600.0,21930.0,False,False,False,True,False,False,False,False,,,,none,False,False,diverges,diverges,inf,inf,,not_applicable,not_applicable,analysed,0.03695721700000831
optimal_control_problem,kineticBatchReactor_1,2052.0,20600.0,False,False,False,True,False,False,False,False,,,,none,False,False,diverges,diverges,inf,inf,,not_applicable,not_applicable,analysed,0.030566367999995236
undirected_weighted_graph,semeion_10NN,1593.0,22226.0,False,False,False,True,False,False,False,False,,,,none,False,False,diverges,diverges,inf,inf,,not_applicable,not_applicable,analysed,0.026228424999999334
undirected_weighted_graph,dataset18mfeatmorphological_10NN,2000.0,22832.0,False,False,False,True,False,False,False,False,,,,none,False,False,diverges,diverges,inf,inf,,not_applicable,not_applicable,analysed,0.0771008049999864
circuit_simulation_problem,adder_dcop_05,1813.0,11097.0,False,False,False,False,False,False,False,False,,,,none,False,False,diverges,diverges,inf,inf,,not_applicable,not_applicable,analysed,0.02361923000000843
circuit_simulation_problem,adder_dcop_04,1813.0,11107.0,False,False,False,False,False,False,False,False,,,,none,False,False,diverges,diverges,inf,inf,,not_applicable,not_applicable,analysed,0.02236048099996424
circuit_simulation_problem,init_adder1,1813.0,11156.0,False,False,False,False,False,False,False,False,,,,none,False,False,diverges,diverges,inf,inf,,not_applicable,not_applicable,analysed,0.02385097000001224
circuit_simulation_problem,adder_dcop_01,1813.0,11156.0,False,False,False,False,False,False,False,False,,,,none,False,False,diverges,diverges,inf,inf,,not_applicable,not_applicable,analysed,0.02125724400002582
circuit_simulation_problem,adder_dcop_03,1813.0,11148.0,False,False,False,False,False,False,False,False,,,,none,False,False,diverges,diverges,inf,inf,,not_applicable,not_applicable,analysed,0.023464396999997916
computational_fluid_dynamics_problem,ex33,1733.0,22189.0,False,False,False,True,True,False,False,False,2.9281237255594967,0.9999999999482049,3.8519764748839713,spd,False,True,diverges,too_slow,inf,355645076435.66125,,exact_eig,exact_eig,analysed,11.489521962000026
circuit_simulation_problem,adder_dcop_02,1813.0,11246.0,False,False,False,False,False,False,False,False,,,,none,False,False,diverges,diverges,inf,inf,,not_applicable,not_applicable,analysed,0.033099697000011474
circuit_simulation_problem,adder_dcop_07,1813.0,11226.0,False,False,False,False,False,False,False,False,,,,none,False,False,diverges,diverges,inf,inf,,not_applicable,not_applicable,analysed,0.027535505000059857
circuit_simulation_problem,adder_dcop_06,1813.0,11224.0,False,False,False,False,False,False,False,False,,,,none,False,False,diverges,diverges,inf,inf,,not_applicable,not_applicable,analysed,0.039888633000032314
circuit_simulation_problem,adder_dcop_08,1813.0,11242.0,False,False,False,False,False,False,False,False,,,,none,False,False,diverges,diverges,inf,inf,,not_applicable,not_applicable,analysed,0.03261132199997974
circuit_simulation_problem,adder_dcop_10,1813.0,11232.0,False,False,False,False,False,False,False,False,,,,none,False,False,diverges,diverges,inf,inf,,not_applicable,not_applicable,analysed,0.026589376000060838
circuit_simulation_problem,adder_dcop_09,1813.0,11239.0,False,False,False,False,False,False,False,False,,,,none,False,False,diverges,diverges,inf,inf,,not_applicable,not_applicable,analysed,0.06841842400001497
circuit_simulation_problem,adder_dcop_11,1813.0,11243.0,False,False,False,False,False,False,False,False,,,,none,False,False,diverges,diverges,inf,inf,,not_applicable,not_applicable,analysed,0.02691050600003564
circuit_simulation_problem,adder_dcop_14,1813.0,11246.0,False,False,False,False,False,False,False,False,,,,none,False,False,diverges,diverges,inf,inf,,not_applicable,not_applicable,analysed,0.02278384700002789
circuit_simulation_problem,adder_dcop_12,1813.0,11246.0,False,False,False,False,False,False,False,False,,,,none,False,False,diverges,diverges,inf,inf,,not_applicable,not_applicable,analysed,0.022673435999990943
circuit_simulation_problem,adder_dcop_13,1813.0,11245.0,False,False,False,False,False,False,False,False,,,,none,False,False,diverges,diverges,inf,inf,,not_applicable,not_applicable,analysed,0.02344918799997231
circuit_simulation_problem,adder_dcop_15,1813.0,11246.0,False,False,False,False,False,False,False,False,,,,none,False,False,diverges,diverges,inf,inf,,not_applicable,not_applicable,analysed,0.02247062799995092
circuit_simulation_problem,adder_dcop_16,1813.0,11246.0,False,False,False,False,False,False,False,False,,,,none,False,False,diverges,diverges,inf,inf,,not_applicable,not_applicable,analysed,0.022411987000054978
computational_fluid_dynamics_problem,DK01R,903.0,11766.0,False,False,False,False,False,False,False,False,140.1002843055059,27464.576494313053,147.88576029484443,none,False,False,diverges,diverges,inf,inf,,exact_eig,exact_eig,analysed,2.362551735000011
circuit_simulation_problem,adder_dcop_19,1813.0,11245.0,False,False,False,False,False,False,False,False,,,,none,False,False,diverges,diverges,inf,inf,,not_applicable,not_applicable,analysed,0.03210930399995959
circuit_simulation_problem,adder_dcop_17,1813.0,11246.0,False,False,False,False,False,False,False,False,,,,none,False,False,diverges,diverges,inf,inf,,not_applicable,not_applicable,analysed,0.03627590799999325
circuit_simulation_problem,adder_dcop_18,1813.0,11246.0,False,False,False,False,False,False,False,False,,,,none,False,False,diverges,diverges,inf,inf,,not_applicable,not_applicable,analysed,0.02158455699998285
circuit_simulation_problem,adder_dcop_21,1813.0,11246.0,False,False,False,False,False,False,False,False,,,,none,False,False,diverges,diverges,inf,inf,,not_applicable,not_applicable,analysed,0.022399902999950427
circuit_simulation_problem,adder_dcop_20,1813.0,11246.0,False,False,False,False,False,False,False,False,,,,none,False,False,diverges,diverges,inf,inf,,not_applicable,not_applicable,analysed,0.024584643000025608
circuit_simulation_problem,adder_dcop_22,1813.0,11246.0,False,False,False,False,False,False,False,False,,,,none,False,False,diverges,diverges,inf,inf,,not_applicable,not_applicable,analysed,0.02373333499997443
circuit_simulation_problem,adder_dcop_25,1813.0,11246.0,False,False,False,False,False,False,False,False,,,,none,False,False,diverges,diverges,inf,inf,,not_applicable,not_applicable,analysed,0.09522463799999059
circuit_simulation_problem,adder_dcop_24,1813.0,11246.0,False,False,False,False,False,False,False,False,,,,none,False,False,diverges,diverges,inf,inf,,not_applicable,not_applicable,analysed,0.021443830999942293
circuit_simulation_problem,adder_dcop_23,1813.0,11246.0,False,False,False,False,False,False,False,False,,,,none,False,False,diverges,diverges,inf,inf,,not_applicable,not_applicable,analysed,0.025087580999979764
circuit_simulation_problem,adder_dcop_26,1813.0,11246.0,False,False,False,False,False,False,False,False,,,,none,False,False,diverges,diverges,inf,inf,,not_applicable,not_applicable,analysed,0.023228781000057097
circuit_simulation_problem,adder_dcop_27,1813.0,11246.0,False,False,False,False,False,False,False,False,,,,none,False,False,diverges,diverges,inf,inf,,not_applicable,not_applicable,analysed,0.022202245000016774
circuit_simulation_problem,adder_dcop_31,1813.0,11246.0,False,False,False,False,False,False,False,False,,,,none,False,False,diverges,diverges,inf,inf,,not_applicable,not_applicable,analysed,0.022282568000036918
circuit_simulation_problem,adder_dcop_33,1813.0,11246.0,False,False,False,False,False,False,False,False,,,,none,False,False,diverges,diverges,inf,inf,,not_applicable,not_applicable,analysed,0.0217819539999482
circuit_simulation_problem,adder_dcop_34,1813.0,11246.0,False,False,False,False,False,False,False,False,,,,none,False,False,diverges,diverges,inf,inf,,not_applicable,not_applicable,analysed,0.020987515999991047
circuit_simulation_problem,adder_dcop_32,1813.0,11246.0,False,False,False,False,False,False,False,False,,,,none,False,False,diverges,diverges,inf,inf,,not_applicable,not_applicable,analysed,0.026354501000014352
circuit_simulation_problem,adder_dcop_35,1813.0,11246.0,False,False,False,False,False,False,False,False,,,,none,False,False,diverges,diverges,inf,inf,,not_applicable,not_applicable,analysed,0.021919634000028054
circuit_simulation_problem,adder_dcop_29,1813.0,11246.0,False,False,False,False,False,False,False,False,,,,none,False,False,diverges,diverges,inf,inf,,not_applicable,not_applicable,analysed,0.021941344999959256
circuit_simulation_problem,adder_dcop_28,1813.0,11246.0,False,False,False,False,False,False,False,False,,,,none,False,False,diverges,diverges,inf,inf,,not_applicable,not_applicable,analysed,0.02310215700003937
circuit_simulation_problem,adder_dcop_36,1813.0,11246.0,False,False,False,False,False,False,False,False,,,,none,False,False,diverges,diverges,inf,inf,,not_applicable,not_applicable,analysed,0.021630615999924885
circuit_simulation_problem,adder_dcop_30,1813.0,11246.0,False,False,False,False,False,False,False,False,,,,none,False,False,diverges,diverges,inf,inf,,not_applicable,not_applicable,analysed,0.022912270000006174
circuit_simulation_problem,adder_dcop_38,1813.0,11246.0,False,False,False,False,False,False,False,False,,,,none,False,False,diverges,diverges,inf,inf,,not_applicable,not_applicable,analysed,0.024540986000033627
circuit_simulation_problem,adder_dcop_37,1813.0,11246.0,False,False,False,False,False,False,False,False,,,,none,False,False,diverges,diverges,inf,inf,,not_applicable,not_applicable,analysed,0.023395766000021467
circuit_simulation_problem,adder_dcop_39,1813.0,11246.0,False,False,False,False,False,False,False,False,,,,none,False,False,diverges,diverges,inf,inf,,not_applicable,not_applicable,analysed,0.025888603999987936
circuit_simulation_problem,adder_dcop_46,1813.0,11246.0,False,False,False,False,False,False,False,False,,,,none,False,False,diverges,diverges,inf,inf,,not_applicable,not_applicable,analysed,0.02675996400000713
circuit_simulation_problem,adder_dcop_40,1813.0,11246.0,False,False,False,False,False,False,False,False,,,,none,False,False,diverges,diverges,inf,inf,,not_applicable,not_applicable,analysed,0.023462289999997665
circuit_simulation_problem,adder_dcop_49,1813.0,11246.0,False,False,False,False,False,False,False,False,,,,none,False,False,diverges,diverges,inf,inf,,not_applicable,not_applicable,analysed,0.024404631999914272
circuit_simulation_problem,adder_dcop_50,1813.0,11246.0,False,False,False,False,False,False,False,False,,,,none,False,False,diverges,diverges,inf,inf,,not_applicable,not_applicable,analysed,0.02622712100003355
circuit_simulation_problem,adder_dcop_57,1813.0,11246.0,False,False,False,False,False,False,False,False,,,,none,False,False,diverges,diverges,inf,inf,,not_applicable,not_applicable,analysed,0.025849680999954217
circuit_simulation_problem,adder_dcop_56,1813.0,11246.0,False,False,False,False,False,False,False,False,,,,none,False,False,diverges,diverges,inf,inf,,not_applicable,not_applicable,analysed,0.022751157000016065
circuit_simulation_problem,adder_dcop_51,1813.0,11246.0,False,False,False,False,False,False,False,False,,,,none,False,False,diverges,diverges,inf,inf,,not_applicable,not_applicable,analysed,0.025686318999987634
circuit_simulation_problem,adder_dcop_53,1813.0,11246.0,False,False,False,False,False,False,False,False,,,,none,False,False,diverges,diverges,inf,inf,,not_applicable,not_applicable,analysed,0.02305483199995706
circuit_simulation_problem,adder_dcop_61,1813.0,11246.0,False,False,False,False,False,False,False,False,,,,none,False,False,diverges,diverges,inf,inf,,not_applicable,not_applicable,analysed,0.02397945699999582
circuit_simulation_problem,adder_dcop_58,1813.0,11246.0,False,False,False,False,False,False,False,False,,,,none,False,False,diverges,diverges,inf,inf,,not_applicable,not_applicable,analysed,0.023232631000041692
circuit_simulation_problem,adder_dcop_65,1813.0,11246.0,False,False,False,False,False,False,False,False,,,,none,False,False,diverges,diverges,inf,inf,,not_applicable,not_applicable,analysed,0.021748257000012927
circuit_simulation_problem,adder_dcop_69,1813.0,11246.0,False,False,False,True,False,False,False,False,,,,none,False,False,diverges,diverges,inf,inf,,not_applicable,not_applicable,analysed,0.02936266799997611
circuit_simulation_problem,adder_dcop_43,1813.0,11246.0,False,False,False,False,False,False,False,False,,,,none,False,False,diverges,diverges,inf,inf,,not_applicable,not_applicable,analysed,0.025264217999961147
circuit_simulation_problem,adder_dcop_62,1813.0,11246.0,False,False,False,False,False,False,False,False,,,,none,False,False,diverges,diverges,inf,inf,,not_applicable,not_applicable,analysed,0.02494203399999151
circuit_simulation_problem,adder_dcop_63,1813.0,11246.0,False,False,False,False,False,False,False,False,,,,none,False,False,diverges,diverges,inf,inf,,not_applicable,not_applicable,analysed,0.02431007900008808
circuit_simulation_problem,adder_dcop_52,1813.0,11246.0,False,False,False,False,False,False,False,False,,,,none,False,False,diverges,diverges,inf,inf,,not_applicable,not_applicable,analysed,0.02661190000003444
circuit_simulation_problem,adder_dcop_59,1813.0,11246.0,False,False,False,False,False,False,False,False,,,,none,False,False,diverges,diverges,inf,inf,,not_applicable,not_applicable,analysed,0.023000454999987596
circuit_simulation_problem,adder_dcop_48,1813.0,11246.0,False,False,False,False,False,False,False,False,,,,none,False,False,diverges,diverges,inf,inf,,not_applicable,not_applicable,analysed,0.027721091999978853
circuit_simulation_problem,adder_dcop_60,1813.0,11246.0,False,False,False,False,False,False,False,False,,,,none,False,False,diverges,diverges,inf,inf,,not_applicable,not_applicable,analysed,0.02203389800001787
circuit_simulation_problem,adder_dcop_47,1813.0,11246.0,False,False,False,False,False,False,False,False,,,,none,False,False,diverges,diverges,inf,inf,,not_applicable,not_applicable,analysed,0.023140776999980517
circuit_simulation_problem,adder_dcop_41,1813.0,11246.0,False,False,False,False,False,False,False,False,,,,none,False,False,diverges,diverges,inf,inf,,not_applicable,not_applicable,analysed,0.023471975999996175
circuit_simulation_problem,adder_dcop_68,1813.0,11246.0,False,False,False,True,False,False,False,False,,,,none,False,False,diverges,diverges,inf,inf,,not_applicable,not_applicable,analysed,0.02859280600000602
circuit_simulation_problem,adder_dcop_66,1813.0,11246.0,False,False,False,False,False,False,False,False,,,,none,False,False,diverges,diverges,inf,inf,,not_applicable,not_applicable,analysed,0.02371868000000177
circuit_simulation_problem,adder_dcop_45,1813.0,11246.0,False,False,False,False,False,False,False,False,,,,none,False,False,diverges,diverges,inf,inf,,not_applicable,not_applicable,analysed,0.05312419599999885
circuit_simulation_problem,adder_dcop_67,1813.0,11246.0,False,False,False,False,False,False,False,False,,,,none,False,False,diverges,diverges,inf,inf,,not_applicable,not_applicable,analysed,0.02501695999990261
circuit_simulation_problem,adder_dcop_64,1813.0,11246.0,False,False,False,False,False,False,False,False,,,,none,False,False,diverges,diverges,inf,inf,,not_applicable,not_applicable,analysed,0.022668296000006194
circuit_simulation_problem,adder_dcop_44,1813.0,11245.0,False,False,False,False,False,False,False,False,,,,none,False,False,diverges,diverges,inf,inf,,not_applicable,not_applicable,analysed,0.026470540999980585
circuit_simulation_problem,adder_dcop_55,1813.0,11246.0,False,False,False,False,False,False,False,False,,,,none,False,False,diverges,diverges,inf,inf,,not_applicable,not_applicable,analysed,0.026596429000051103
circuit_simulation_problem,adder_dcop_42,1813.0,11246.0,False,False,False,False,False,False,False,False,,,,none,False,False,diverges,diverges,inf,inf,,not_applicable,not_applicable,analysed,0.023980304000019714
circuit_simulation_problem,adder_dcop_54,1813.0,11246.0,False,False,False,False,False,False,False,False,,,,none,False,False,diverges,diverges,inf,inf,,not_applicable,not_applicable,analysed,0.02376140600006238
chemical_process_simulation_problem,radfr1,1048.0,13299.0,False,False,False,False,False,False,False,False,,,,none,False,False,diverges,diverges,inf,inf,,not_applicable,not_applicable,analysed,0.021803541000053883
random_matrices,rand_067_n121,121.0,14641.0,False,False,False,False,False,False,False,False,75.32991001555291,3.063638743170779e+31,254.80891618761038,none,False,False,diverges,diverges,inf,inf,,exact_eig,exact_eig,analysed,0.054703945999904136
power_network_problem,TSOPF_FS_b9_c1,2454.0,25032.0,False,False,False,True,False,False,False,False,,,,none,False,False,diverges,diverges,inf,inf,,not_applicable,not_applicable,analysed,0.04035472900000059
materials_problem,cryg2500,2500.0,12349.0,False,False,False,False,False,False,False,True,42.99850283699697,1848.8712462232372,42.998502836997325,property_a_proxy,False,False,diverges,diverges,inf,inf,,arpack,arpack,analysed,0.03727880999997524
optimal_control_problem,spaceStation_13,1617.0,23649.0,False,False,False,True,False,False,False,False,,,,none,False,False,diverges,diverges,inf,inf,,not_applicable,not_applicable,analysed,0.04218748799996774
2d_3d_problem,cz1268,1268.0,12786.0,False,False,False,False,False,False,False,True,0.999961350768093,0.999922892884986,1.0175813536568499,property_a_proxy,True,True,too_slow,too_slow,476602.6091645134,238888.07859968866,1.9825695075310135,exact_eig,exact_eig,analysed,4.088602923000053
optimal_control_problem,spaceShuttleEntry_2,1428.0,24073.0,False,False,False,True,False,False,False,False,,,,none,False,False,diverges,diverges,inf,inf,,not_applicable,not_applicable,analysed,0.0366876069999762
structural_problem,msc01050,1050.0,29156.0,False,False,False,True,True,False,False,False,4.069304780302035,0.9999999999998146,4.6959024323353535,spd,False,True,diverges,too_slow,inf,99352540041158.16,,exact_eig,exact_eig,analysed,6.234811897999975
optimal_control_problem,freeFlyingRobot_5,2878.0,24582.0,False,False,False,True,False,False,False,False,,,,none,False,False,diverges,diverges,inf,inf,,not_applicable,not_applicable,analysed,0.1639048010000579
optimal_control_problem,spaceStation_14,1640.0,24324.0,False,False,False,True,False,False,False,False,,,,none,False,False,diverges,diverges,inf,inf,,not_applicable,not_applicable,analysed,0.031718139999952655
undirected_weighted_graph,plantsmargin_12NN,1600.0,25482.0,False,False,False,True,False,False,False,False,,,,none,False,False,diverges,diverges,inf,inf,,not_applicable,not_applicable,analysed,0.02813898900001277
random_matrices,rand_068_n126,126.0,15876.0,False,False,False,False,False,False,False,False,327.1435824276287,3.519265311456528e+34,825.0707121294381,none,False,False,diverges,diverges,inf,inf,,exact_eig,exact_eig,analysed,0.055894684000008965
semiconductor_device_problem,wang1,2903.0,19093.0,False,False,True,False,False,True,True,True,0.9975742101369581,0.9951541467030665,0.99757412822623,m_matrix,True,True,converges,converges,7584.469549487062,3792.1108059672874,1.869838611390045,arpack,arpack,analysed,0.10959735500000534
semiconductor_device_problem,wang2,2903.0,19093.0,False,False,True,False,False,True,True,True,0.9988859501065427,0.9977731127362097,0.9988859321155373,m_matrix,True,True,too_slow,converges,16525.66744733125,8262.727544675647,1.9098738120488385,arpack,arpack,analysed,0.16628531000003477
undirected_weighted_graph,MISKnowledgeMap,2427.0,57022.0,False,False,False,True,False,False,False,False,,,,none,False,False,diverges,diverges,inf,inf,,not_applicable,not_applicable,analysed,0.06107149100000697
optimization_problem,c-22,3792.0,28872.0,False,False,False,True,False,False,False,True,1330965.3283395416,1771468705820.026,1384595.6869370625,property_a_proxy,False,False,diverges,diverges,inf,inf,,arpack,arpack,analysed,0.5812189040000248
computational_fluid_dynamics_problem,olm5000,5000.0,19996.0,False,False,False,False,False,False,False,False,4.242712523568809,inf,4.772098359353981,none,False,False,diverges,diverges,inf,inf,,arpack,power_iteration_unconverged,analysed,4.1245989680001
computational_fluid_dynamics_problem,shyy41,4720.0,20042.0,False,False,False,False,False,False,False,False,,,,none,False,False,diverges,diverges,inf,inf,,not_applicable,not_applicable,analysed,0.033132625000007465
undirected_weighted_graph,dataset22mfeatzernike_10NN,2000.0,27414.0,False,False,False,True,False,False,False,False,,,,none,False,False,diverges,diverges,inf,inf,,not_applicable,not_applicable,analysed,0.05195510999999442
undirected_weighted_graph,dataset12mfeatfactors_10NN,2000.0,27442.0,False,False,False,True,False,False,False,False,,,,none,False,False,diverges,diverges,inf,inf,,not_applicable,not_applicable,analysed,0.040465944999937165
optimal_control_problem,freeFlyingRobot_6,3358.0,27030.0,False,False,False,True,False,False,False,False,,,,none,False,False,diverges,diverges,inf,inf,,not_applicable,not_applicable,analysed,0.0960683110000673
random_matrices,rand_069_n131,131.0,17161.0,False,False,False,False,False,False,False,False,135.82246955460684,4.1342675187257986e+36,486.4279244013921,none,False,False,diverges,diverges,inf,inf,,exact_eig,exact_eig,analysed,0.05908660099998997
undirected_weighted_graph,dataset16mfeatkarhunen_10NN,2000.0,27668.0,False,False,False,True,False,False,False,False,,,,none,False,False,diverges,diverges,inf,inf,,not_applicable,not_applicable,analysed,0.04898231900006067
undirected_weighted_graph,dataset20mfeatpixel_10NN,2000.0,27932.0,False,False,False,True,False,False,False,False,,,,none,False,False,diverges,diverges,inf,inf,,not_applicable,not_applicable,analysed,0.03411216799997874
structural_problem,bcsstk26,1922.0,30336.0,False,False,False,True,True,False,False,False,3.7619958710620853,0.9999006956940849,3.855915718492753,spd,False,True,diverges,too_slow,inf,185488.0906987577,,exact_eig,exact_eig,analysed,15.895380382999974
optimization_problem,c-23,3969.0,31079.0,False,False,False,True,False,False,False,True,1158320.9268143422,1341707367845.684,1170591.707388257,property_a_proxy,False,False,diverges,diverges,inf,inf,,arpack,arpack,analysed,0.1185714339999322
computational_fluid_dynamics_problem,sherman3,5005.0,20033.0,True,True,True,False,False,True,True,True,0.999961054010033,0.9999221104581731,0.999961053034345,m_matrix,True,True,too_slow,too_slow,472970.95417021605,236488.27446428392,1.982503303331846,arpack,arpack,analysed,0.5567317410000214
optimization_problem,c-28,4598.0,30590.0,False,False,False,True,False,False,False,True,202587.8764339935,41041845872.19675,208771.48090360896,property_a_proxy,False,False,diverges,diverges,inf,inf,,arpack,arpack,analysed,0.2854676380000001
optimal_control_problem,lowThrust_2,2312.0,26261.0,False,False,False,True,False,False,False,False,,,,none,False,False,diverges,diverges,inf,inf,,not_applicable,not_applicable,analysed,0.03183678800007783
optimization_problem,c-27,4563.0,31375.0,False,False,False,True,False,False,False,True,2212249.8035946144,4894049193240.607,2214441.658761925,property_a_proxy,False,False,diverges,diverges,inf,inf,,arpack,arpack,analysed,0.10888434099990718
circuit_simulation_problem,meg4,5860.0,46842.0,False,False,False,True,False,False,False,False,,,,none,False,False,diverges,diverges,inf,inf,,not_applicable,not_applicable,analysed,0.6093653300000597
circuit_simulation_problem,adder_trans_01,1814.0,14579.0,False,False,False,False,False,False,False,False,,,,none,False,False,diverges,diverges,inf,inf,,not_applicable,not_applicable,analysed,0.026567635999981576
circuit_simulation_problem,adder_trans_02,1814.0,14579.0,False,False,False,False,False,False,False,False,,,,none,False,False,diverges,diverges,inf,inf,,not_applicable,not_applicable,analysed,0.10041278300002432
circuit_simulation_problem,add20,2395.0,17319.0,False,False,False,False,False,True,False,True,0.999661497002576,0.9993231204757784,0.9996614967210198,h_matrix,True,True,too_slow,too_slow,54408.861901854674,27204.908836283244,1.9492851806687508,arpack,arpack,analysed,0.4979038079999327
computational_fluid_dynamics_problem,sherman5,3312.0,20793.0,False,False,False,False,False,False,False,False,2.029646869003779,3.199497138189126,2.350938468439952,none,False,False,diverges,diverges,inf,inf,,arpack,arpack,analysed,0.04407646900006057
structural_problem,bcsstk11,1473.0,34241.0,False,False,False,True,True,False,False,False,2.768510526730379,0.9999987228905084,3.0014783968895666,spd,False,True,diverges,too_slow,inf,14423719.424556322,,exact_eig,exact_eig,analysed,10.256400998000004
structural_problem,bcsstk12,1473.0,34241.0,False,False,False,True,True,False,False,False,2.768510526730379,0.9999987228905084,3.0014783968895666,spd,False,True,diverges,too_slow,inf,14423719.424556322,,exact_eig,exact_eig,analysed,9.973783100999981
structural_problem,msc00726,726.0,34518.0,False,False,False,True,True,False,False,False,2.56006447642787,0.9938647522983474,3.706137555072414,spd,False,True,diverges,converges,inf,2993.2149373508337,,exact_eig,exact_eig,analysed,5.347234561999926
optimization_problem,c-21,3509.0,32157.0,False,False,False,True,False,False,False,True,874905.8965203522,765460327862.9175,885481.8171336809,property_a_proxy,False,False,diverges,diverges,inf,inf,,arpack,arpack,analysed,0.15175224400002207
optimal_control_problem,spaceShuttleEntry_3,1834.0,28757.0,False,False,False,True,False,False,False,False,,,,none,False,False,diverges,diverges,inf,inf,,not_applicable,not_applicable,analysed,0.03513352999993913
electromagnetics_problem,mhd4800b,4800.0,27520.0,False,False,False,True,True,False,False,False,1.3387236084084355,0.933201876670659,1.4862692410492384,spd,False,True,diverges,converges,inf,266.4499850054844,,arpack,arpack,analysed,8.663901332000023
semiconductor_device_problem,swang2,3169.0,20841.0,True,True,True,False,False,True,True,False,0.6306094375769928,0.3801370099758081,0.6306094375769928,m_matrix,True,True,converges,converges,39.95215051317734,19.044905347469182,1.1260625063387286,power_iteration_unconverged,power_iteration_unconverged,analysed,12.905287119000036
structural_problem,plbuckle,1282.0,30644.0,False,False,False,True,True,False,False,False,2.3263042907715157,0.9990393987266057,2.4921922694706145,spd,False,True,diverges,too_slow,inf,19166.986732219546,,exact_eig,exact_eig,analysed,8.285859928999912
random_matrices,rand_070_n137,137.0,18769.0,False,False,False,False,False,False,False,False,99.74116568182576,7.149444817011015e+34,486.1937562974953,none,False,False,diverges,diverges,inf,inf,,exact_eig,exact_eig,analysed,0.07429138700001658
semiconductor_device_problem,swang1,3169.0,20841.0,True,True,True,False,False,True,True,False,0.5428792569741193,0.3180352142727533,0.5428791052711763,m_matrix,True,True,converges,converges,30.15491119458624,16.07960076637312,1.0870683244461616,arpack,arpack,analysed,0.12126606000003903
computational_fluid_dynamics_problem,coater1,1348.0,19457.0,,,,,,,,,,,,,,,,,,,,,,structurally_singular,0.025368960000037077
counter_example_problem,Sieber,2290.0,14873.0,False,False,False,False,False,False,False,False,,,,none,False,False,diverges,diverges,inf,inf,,not_applicable,not_applicable,analysed,0.024701681000010467
computational_fluid_dynamics_problem,sherman2,1080.0,23094.0,False,False,False,False,False,False,False,False,7083.127824866218,455535812637.6291,7086.922194279234,none,False,False,diverges,diverges,inf,inf,,exact_eig,exact_eig,analysed,1.5844807740000988
chemical_process_simulation_problem,lhr01,1477.0,18592.0,False,False,False,False,False,False,False,False,,,,none,False,False,diverges,diverges,inf,inf,,not_applicable,not_applicable,analysed,0.037388050000004114
power_network_problem,LeGresley_2508,2508.0,16727.0,False,False,False,False,False,False,False,False,1.1144312336886297,1.24027640433791,1.4194160075909978,none,False,False,diverges,diverges,inf,inf,,arpack,arpack,analysed,0.04731972800004769
optimization_problem,c-26,4307.0,34537.0,False,False,False,True,False,False,False,True,1257934.3384633788,1582398798909.9382,1305663.5796444702,property_a_proxy,False,False,diverges,diverges,inf,inf,,arpack,arpack,analysed,0.17839518000005228
optimal_control_problem,freeFlyingRobot_7,3918.0,31046.0,False,False,False,True,False,False,False,False,,,,none,False,False,diverges,diverges,inf,inf,,not_applicable,not_applicable,analysed,0.37708573500003695
economic_problem,eurqsa,7245.0,46142.0,False,False,False,True,False,False,False,False,,,,none,False,False,diverges,diverges,inf,inf,,not_applicable,not_applicable,analysed,0.06580090299996755
economic_problem,g7jac010sc,2880.0,19635.0,False,False,False,False,False,False,False,False,,,,none,False,False,diverges,diverges,inf,inf,,not_applicable,not_applicable,analysed,0.11448495800004821
chemical_process_simulation_problem,bayer09,3083.0,21216.0,False,False,False,False,False,False,False,False,,,,none,False,False,diverges,diverges,inf,inf,,not_applicable,not_applicable,analysed,0.02834763800001383
economic_problem,g7jac010,2880.0,19635.0,False,False,False,False,False,False,False,False,,,,none,False,False,diverges,diverges,inf,inf,,not_applicable,not_applicable,analysed,0.02968825100003869
optimization_problem,c-24,4119.0,35699.0,False,False,False,True,False,False,False,True,916639.5958057212,840228144394.0562,953012.0645561044,property_a_proxy,False,False,diverges,diverges,inf,inf,,arpack,arpack,analysed,0.1216725529999394
random_matrices,rand_071_n143,143.0,20449.0,False,False,False,False,False,False,False,False,122.73449265279507,1.9595022389873774e+29,354.46866214224235,none,False,False,diverges,diverges,inf,inf,,exact_eig,exact_eig,analysed,0.10011329400003888
directed_weighted_graph,cell2,7055.0,34855.0,False,False,True,False,False,False,True,True,0.9999999953091006,0.999999837971176,1.0000001186054461,m_matrix,True,True,too_slow,too_slow,3926897370.1562777,113687668.61399186,1.9998062993885282,arpack,arpack,analysed,0.37920055500001126
chemical_process_simulation_problem,hydr1,5308.0,23752.0,False,False,False,False,False,False,False,False,,,,none,False,False,diverges,diverges,inf,inf,,not_applicable,not_applicable,analysed,0.03533139800003937
circuit_simulation_problem,Hamrle2,5952.0,22162.0,False,False,False,False,False,False,False,False,,,,none,False,False,diverges,diverges,inf,inf,,not_applicable,not_applicable,analysed,0.03794877699999688
optimal_control_problem,dynamicSoaringProblem_3,2871.0,32022.0,False,False,False,True,False,False,False,False,,,,none,False,False,diverges,diverges,inf,inf,,not_applicable,not_applicable,analysed,0.03986119299997881
computational_fluid_dynamics_problem,rdb5000,5000.0,29600.0,False,False,False,False,False,False,False,True,1.0452068540889359,1.0924573094096464,1.1513896418126754,property_a_proxy,False,False,diverges,diverges,inf,inf,,arpack,arpack,analysed,0.12012243300000591
optimal_control_problem,reorientation_3,2513.0,32166.0,False,False,False,True,False,False,False,False,,,,none,False,False,diverges,diverges,inf,inf,,not_applicable,not_applicable,analysed,8.00769440099998
2d_3d_problem,mcfe,765.0,24382.0,False,False,False,False,False,False,False,False,37.907631680932255,2913.8704146836812,38.38480288788244,none,False,False,diverges,diverges,inf,inf,,exact_eig,exact_eig,analysed,1.391216749000023
undirected_weighted_graph,YaleB_10NN,2414.0,34808.0,False,False,False,True,False,False,False,False,,,,none,False,False,diverges,diverges,inf,inf,,not_applicable,not_applicable,analysed,0.054695882000032725
circuit_simulation_problem,circuit_2,4510.0,21199.0,False,False,False,False,False,False,False,False,,,,none,False,False,diverges,diverges,inf,inf,,not_applicable,not_applicable,analysed,0.030626979999965442
chemical_process_simulation_problem,hydr1c,5308.0,23752.0,False,False,False,False,False,False,False,False,,,,none,False,False,diverges,diverges,inf,inf,,not_applicable,not_applicable,analysed,0.10978249499999038
2d_3d_problem,plat1919,1919.0,32399.0,False,False,False,True,True,False,False,False,2.9356653512524455,1.000000000000009,2.954372457414923,spd,False,False,diverges,diverges,inf,inf,,exact_eig,exact_eig,analysed,14.78758321700002
optimal_control_problem,reorientation_4,2717.0,33630.0,False,False,False,True,False,False,False,False,,,,none,False,False,diverges,diverges,inf,inf,,not_applicable,not_applicable,analysed,9.223298647999968
2d_3d_problem,shermanACa,3432.0,25220.0,False,False,False,False,False,False,False,False,58599.6831939159,2.2779821334039896e+23,58600.97346012236,none,False,False,diverges,diverges,inf,inf,,arpack,arpack,analysed,0.05683658899999955
optimal_control_problem,freeFlyingRobot_8,4398.0,34958.0,False,False,False,True,False,False,False,False,,,,none,False,False,diverges,diverges,inf,inf,,not_applicable,not_applicable,analysed,0.2523525620000555
random_matrices,rand_072_n149,149.0,22201.0,False,False,False,False,False,False,False,False,81.28057044721304,4.1986633432239705e+33,368.149196365625,none,False,False,diverges,diverges,inf,inf,,exact_eig,exact_eig,analysed,0.08471227699999417
structural_problem,nasa1824,1824.0,39208.0,False,False,False,True,False,False,False,False,4715463.297532402,300677925625502.0,4875056.169322662,none,False,False,diverges,diverges,inf,inf,,exact_eig,exact_eig,analysed,12.689997240000025
computational_fluid_dynamics_problem,lns_3937,3937.0,25407.0,False,False,False,False,False,False,False,False,,,,none,False,False,diverges,diverges,inf,inf,,not_applicable,not_applicable,analysed,0.05202406199998677
computational_fluid_dynamics_problem,ex21,656.0,19144.0,False,False,False,False,False,False,False,False,,,,none,False,False,diverges,diverges,inf,inf,,not_applicable,not_applicable,analysed,0.023398575999976856
computational_fluid_dynamics_problem,lnsp3937,3937.0,25407.0,False,False,False,False,False,False,False,False,,,,none,False,False,diverges,diverges,inf,inf,,not_applicable,not_applicable,analysed,0.03218348400002924
optimal_control_problem,reorientation_5,2904.0,35590.0,False,False,False,True,False,False,False,False,,,,none,False,False,diverges,diverges,inf,inf,,not_applicable,not_applicable,analysed,9.712997040000005
optimal_control_problem,dynamicSoaringProblem_4,3191.0,36516.0,False,False,False,True,False,False,False,False,,,,none,False,False,diverges,diverges,inf,inf,,not_applicable,not_applicable,analysed,0.04379316899996866
optimal_control_problem,dynamicSoaringProblem_5,3271.0,36789.0,False,False,False,True,False,False,False,False,,,,none,False,False,diverges,diverges,inf,inf,,not_applicable,not_applicable,analysed,0.038570266000078846
optimal_control_problem,dynamicSoaringProblem_6,3431.0,36741.0,False,False,False,True,False,False,False,False,,,,none,False,False,diverges,diverges,inf,inf,,not_applicable,not_applicable,analysed,0.03895620099990538
random_matrices,rand_073_n155,155.0,24025.0,False,False,False,False,False,False,False,False,82.14533048911359,3.303295848062602e+35,322.35152128928246,none,False,False,diverges,diverges,inf,inf,,exact_eig,exact_eig,analysed,0.08131099000001996
structural_problem,Chebyshev2,2053.0,18447.0,False,False,False,False,False,False,False,False,8164.965876300666,7912202.3483259445,8899.32881975479,none,False,False,diverges,diverges,inf,inf,,arpack,arpack,analysed,0.05429265200007194
computational_chemistry_problem,dendrimer,730.0,63024.0,False,False,False,True,False,False,False,False,1.2789726287226284,1.0337629723652506,4.150390580274673,none,False,False,diverges,diverges,inf,inf,,exact_eig,exact_eig,analysed,1.5563269040000023
optimal_control_problem,reorientation_7,3057.0,37150.0,False,False,False,True,False,False,False,False,,,,none,False,False,diverges,diverges,inf,inf,,not_applicable,not_applicable,analysed,9.982966532999967
optimal_control_problem,reorientation_6,3006.0,37342.0,False,False,False,True,False,False,False,False,,,,none,False,False,diverges,diverges,inf,inf,,not_applicable,not_applicable,analysed,9.651265085999967
optimization_problem,c-29,5033.0,43731.0,False,False,False,True,False,False,False,True,546971.5404345661,299181103833.6025,604355.3355986631,property_a_proxy,False,False,diverges,diverges,inf,inf,,arpack,arpack,analysed,0.4561321429999907
directed_weighted_graph,cell1,7055.0,34855.0,False,False,True,False,False,False,False,True,1.0000000025285454,0.9999997718364071,1.0000000014534762,l_matrix,False,True,diverges,too_slow,inf,80734522.13699666,,arpack,arpack,analysed,0.33984557400003723
optimal_control_problem,dynamicSoaringProblem_7,3511.0,37680.0,False,False,False,True,False,False,False,False,,,,none,False,False,diverges,diverges,inf,inf,,not_applicable,not_applicable,analysed,0.03843450199997278
optimal_control_problem,reorientation_8,3108.0,37894.0,False,False,False,True,False,False,False,False,,,,none,False,False,diverges,diverges,inf,inf,,not_applicable,not_applicable,analysed,9.825431663000018
structural_problem,msc01440,1440.0,46270.0,False,False,False,True,True,False,False,False,2.620719623192274,0.999428992578353,2.940750853240858,spd,False,True,diverges,too_slow,inf,32250.75607157827,,exact_eig,exact_eig,analysed,10.45362258900002
optimal_control_problem,dynamicSoaringProblem_8,3543.0,38136.0,False,False,False,True,False,False,False,False,,,,none,False,False,diverges,diverges,inf,inf,,not_applicable,not_applicable,analysed,0.059795016000066425
optimal_control_problem,freeFlyingRobot_9,4778.0,39964.0,False,False,False,True,False,False,False,False,,,,none,False,False,diverges,diverges,inf,inf,,not_applicable,not_applicable,analysed,0.13898910700004308
structural_problem,bcsstk23,3134.0,45178.0,False,False,False,True,True,False,False,False,3.926881591563527,0.9999995112775297,4.073189403910819,spd,False,True,diverges,too_slow,inf,37691486.19755062,,arpack,arpack,analysed,8.415758537999977
optimal_control_problem,freeFlyingRobot_10,5218.0,40080.0,False,False,False,True,False,False,False,False,,,,none,False,False,diverges,diverges,inf,inf,,not_applicable,not_applicable,analysed,0.29028419499991287
optimal_control_problem,spaceShuttleEntry_4,2450.0,39669.0,False,False,False,True,False,False,False,False,,,,none,False,False,diverges,diverges,inf,inf,,not_applicable,not_applicable,analysed,0.04367606700009219
computational_fluid_dynamics_problem,ex22,839.0,22715.0,False,False,False,False,False,False,False,False,,,,none,False,False,diverges,diverges,inf,inf,,not_applicable,not_applicable,analysed,0.026498008000089612
electromagnetics_problem,utm1700b,1700.0,21509.0,False,False,False,False,False,False,False,False,6.779060364429723,40.09951464867049,7.388335978993197,none,False,False,diverges,diverges,inf,inf,,exact_eig,exact_eig,analysed,7.248010292999993
optimal_control_problem,freeFlyingRobot_11,5438.0,40054.0,False,False,False,True,False,False,False,False,,,,none,False,False,diverges,diverges,inf,inf,,not_applicable,not_applicable,analysed,0.3530846589999328
random_matrices,rand_074_n161,161.0,25921.0,False,False,False,False,False,False,False,False,45.7985508812342,1.1890056141217724e+35,302.17063548283807,none,False,False,diverges,diverges,inf,inf,,exact_eig,exact_eig,analysed,0.0818198439999378
chemical_process_simulation_problem,bayer05,3268.0,27836.0,False,False,False,False,False,False,False,False,,,,none,False,False,diverges,diverges,inf,inf,,not_applicable,not_applicable,analysed,0.042906337999966127
optimal_control_problem,freeFlyingRobot_12,5578.0,41940.0,False,False,False,True,False,False,False,False,,,,none,False,False,diverges,diverges,inf,inf,,not_applicable,not_applicable,analysed,1.3162583160000167
circuit_simulation_problem,add32,4960.0,23884.0,False,False,False,False,False,True,False,True,0.9815124573382399,0.963366699170175,0.9815121916740821,h_matrix,True,True,converges,converges,987.1444217325505,493.5721457963813,1.6786997746100385,arpack,arpack,analysed,1.64674904900005
model_reduction_problem,rail_5177,5177.0,35185.0,False,False,False,True,False,False,False,False,1.0132698194017058,0.9999144998368782,1.2548782882889302,none,False,True,diverges,too_slow,inf,215436.93689664215,,arpack,arpack,analysed,0.2176508909999484
chemical_process_simulation_problem,bayer07,3268.0,27836.0,False,False,False,False,False,False,False,False,,,,none,False,False,diverges,diverges,inf,inf,,not_applicable,not_applicable,analysed,0.03191400799994426
model_reduction_problem,t2dal_a,4257.0,37465.0,False,False,False,True,False,False,False,False,1.9990972225234063,1.0000001096763576,1.9991274558739704,none,False,False,diverges,diverges,inf,inf,,arpack,arpack,analysed,1.3955718549999574
model_reduction_problem,t2dal,4257.0,37465.0,False,False,False,True,False,False,False,False,1.9990972695603924,0.999999937398175,1.9991274917144644,none,False,True,diverges,too_slow,inf,294251488.4067098,,arpack,arpack,analysed,1.8438182630000028
model_reduction_problem,t2dal_bci,4257.0,37465.0,False,False,False,True,False,False,False,False,1.9990972065221042,0.9999999954089187,1.9991274126771221,none,False,True,diverges,too_slow,inf,4012275001.55434,,arpack,arpack,analysed,1.45416246100001
optimal_control_problem,freeFlyingRobot_14,5958.0,43298.0,False,False,False,True,False,False,False,False,,,,none,False,False,diverges,diverges,inf,inf,,not_applicable,not_applicable,analysed,0.1854479359999459
optimal_control_problem,freeFlyingRobot_15,6038.0,43378.0,False,False,False,True,False,False,False,False,,,,none,False,False,diverges,diverges,inf,inf,,not_applicable,not_applicable,analysed,1.0217485880000368
optimal_control_problem,freeFlyingRobot_13,5718.0,43994.0,False,False,False,True,False,False,False,False,,,,none,False,False,diverges,diverges,inf,inf,,not_applicable,not_applicable,analysed,11.564642638999999
random_matrices,rand_075_n168,168.0,28224.0,False,False,False,False,False,False,False,False,322.0557755656277,4.187181232725936e+56,929.4133615528789,none,False,False,diverges,diverges,inf,inf,,exact_eig,exact_eig,analysed,0.09431572899995899
optimal_control_problem,freeFlyingRobot_16,6078.0,44006.0,False,False,False,True,False,False,False,False,,,,none,False,False,diverges,diverges,inf,inf,,not_applicable,not_applicable,analysed,0.7483803210000133
optimization_problem,c-25,3797.0,49635.0,False,False,False,True,False,False,False,True,1051458.8339264314,1105565679359.3667,1077967.1665707827,property_a_proxy,False,False,diverges,diverges,inf,inf,,arpack,arpack,analysed,0.14633184800004528
power_network_problem,gemat12,4929.0,33111.0,False,False,False,False,False,False,False,False,,,,none,False,False,diverges,diverges,inf,inf,,not_applicable,not_applicable,analysed,0.040130288999989716
2d_3d_problem,fv3,9801.0,87025.0,False,True,True,True,True,True,True,True,0.9993421616466501,0.9986848280661144,0.9993421616411731,m_matrix,True,True,too_slow,too_slow,27992.623218941568,13997.078580825486,1.9300058439694825,arpack,arpack,analysed,0.5966752949999545
power_network_problem,gemat11,4929.0,33185.0,False,False,False,False,False,False,False,False,,,,none,False,False,diverges,diverges,inf,inf,,not_applicable,not_applicable,analysed,0.04039397500002906
economic_problem,jan99jac020sc,6774.0,38692.0,False,False,False,False,False,False,False,False,,,,none,False,False,diverges,diverges,inf,inf,,not_applicable,not_applicable,analysed,0.043057771999997385
economic_problem,jan99jac020,6774.0,38692.0,False,False,False,False,False,False,False,False,,,,none,False,False,diverges,diverges,inf,inf,,not_applicable,not_applicable,analysed,0.042553582999971695
computational_fluid_dynamics_problem,ex25,848.0,24612.0,False,False,False,False,False,False,False,False,,,,none,False,False,diverges,diverges,inf,inf,,not_applicable,not_applicable,analysed,0.028027607000012722
computational_fluid_dynamics_problem,ex29,2870.0,23754.0,False,False,False,False,False,False,False,False,1.1349900827839219,0.41812129581313784,1.1349901151642545,none,False,True,diverges,converges,inf,21.12502858970838,,arpack,arpack,analysed,0.09144620000006398
economic_problem,mbeause,496.0,41063.0,,,,,,,,,,,,,,,,,,,,,,structurally_singular,0.02281209399995987
chemical_process_simulation_problem,bayer08,3008.0,27576.0,False,False,False,False,False,False,False,False,,,,none,False,False,diverges,diverges,inf,inf,,not_applicable,not_applicable,analysed,0.03075316499996461
optimal_control_problem,kineticBatchReactor_2,4361.0,44840.0,False,False,False,True,False,False,False,False,,,,none,False,False,diverges,diverges,inf,inf,,not_applicable,not_applicable,analysed,13.872056702000009
optimization_problem,c-32,5975.0,54471.0,False,False,False,True,False,False,False,True,55772581.81738672,3110580882603432.0,56018315.11664078,property_a_proxy,False,False,diverges,diverges,inf,inf,,arpack,arpack,analysed,0.08132048999993913
chemical_process_simulation_problem,bayer06,3008.0,27576.0,False,False,False,False,False,False,False,False,,,,none,False,False,diverges,diverges,inf,inf,,not_applicable,not_applicable,analysed,0.030087635999962004
structural_problem,bcsstk27,1224.0,56126.0,False,False,False,True,True,False,False,False,3.3674458757044476,0.9957313090660005,3.5921807586905876,spd,False,True,diverges,converges,inf,4306.082801606198,,exact_eig,exact_eig,analysed,10.705618911999977
random_matrices,rand_076_n175,175.0,30625.0,False,False,False,False,False,False,False,False,107.0462041020699,1.1414251687355473e+45,453.42090241600414,none,False,False,diverges,diverges,inf,inf,,exact_eig,exact_eig,analysed,0.10958556700006739
structural_problem,bcsstm27,1224.0,56126.0,False,False,False,True,False,False,False,False,5.091519776205771,4.211405622978606,5.2263857199063555,none,False,False,diverges,diverges,inf,inf,,exact_eig,exact_eig,analysed,4.575233201999936
materials_problem,fd12,7500.0,28462.0,False,False,False,False,False,False,False,False,,,,none,False,False,diverges,diverges,inf,inf,,not_applicable,not_applicable,analysed,0.06437782099999367
2d_3d_problem,cz2548,2548.0,25674.0,False,False,False,False,False,False,False,True,0.9999902848994723,0.9999805723283051,1.0197386029331064,property_a_proxy,True,True,too_slow,too_slow,1896078.297066346,948157.9726665558,1.9912227707346761,arpack,arpack,analysed,0.35514962399997785
2d_3d_problem,fv1,9604.0,85264.0,True,True,True,True,True,True,True,False,0.8540901997945836,0.7324332496501363,0.8540901997968985,m_matrix,True,True,converges,converges,116.79469561761576,59.15761830939749,1.3156813469409778,arpack,arpack,analysed,0.5737244480000072
2d_3d_problem,fv2,9801.0,87025.0,True,True,True,True,True,True,True,False,0.8541264326554682,0.732485074241174,0.8541264326555377,m_matrix,True,True,converges,converges,116.82611857580478,59.17106349644278,1.3157328485974942,arpack,arpack,analysed,0.5858211849999861
optimization_problem,c-33,6317.0,56123.0,False,False,False,True,False,False,False,True,3460775.1907881303,11976964920144.195,3723517.043382764,property_a_proxy,False,False,diverges,diverges,inf,inf,,arpack,arpack,analysed,0.21759931399992638
chemical_process_simulation_problem,lhr02,2954.0,37206.0,False,False,False,False,False,False,False,False,,,,none,False,False,diverges,diverges,inf,inf,,not_applicable,not_applicable,analysed,0.03400215700003173
computer_graphics_vision_problem,tomography,500.0,28726.0,False,False,False,True,True,True,False,False,0.9671696472453707,0.6866281018853179,0.9671696472453719,spd,True,True,converges,converges,551.8253149733231,48.99606270903122,1.5947289658883002,exact_eig,exact_eig,analysed,3.5717525029999706
power_network_problem,ACTIVSg2000,4000.0,29336.0,False,False,False,False,False,False,False,False,1.1688478167961862,0.9998973462305552,1.670521378202296,none,False,True,diverges,too_slow,inf,179435.54680195518,,arpack,arpack,analysed,0.13367761199992856
random_matrices,rand_077_n183,183.0,33489.0,False,False,False,False,False,False,False,False,401.9572342831664,3.720583796701208e+50,936.7361371376245,none,False,False,diverges,diverges,inf,inf,,exact_eig,exact_eig,analysed,0.10073955999996542
computational_fluid_dynamics_problem,ex10,2410.0,54840.0,False,False,False,True,True,False,False,False,4.111907795401271,0.9999998731514255,6.324870705676672,spd,False,True,diverges,too_slow,inf,145217868.18202636,,arpack,arpack,analysed,7.584113514000023
computational_fluid_dynamics,Goodwin_010,1182.0,32282.0,False,False,False,False,False,False,False,False,,,,none,False,False,diverges,diverges,inf,inf,,not_applicable,not_applicable,analysed,0.040544328000009955
structural_problem,bcsstk14,1806.0,63454.0,False,False,False,True,True,False,False,False,2.3393192916239864,0.9990772536053942,2.5177742850165625,spd,False,True,diverges,too_slow,inf,19953.673875695014,,exact_eig,exact_eig,analysed,16.352328934999946
computational_fluid_dynamics_problem,cavity08,1182.0,32747.0,False,False,False,False,False,False,False,False,,,,none,False,False,diverges,diverges,inf,inf,,not_applicable,not_applicable,analysed,0.04561939799998527
computational_fluid_dynamics_problem,cavity06,1182.0,32747.0,False,False,False,False,False,False,False,False,,,,none,False,False,diverges,diverges,inf,inf,,not_applicable,not_applicable,analysed,0.03247339799997917
optimal_control_problem,kineticBatchReactor_3,5082.0,53219.0,False,False,False,True,False,False,False,False,,,,none,False,False,diverges,diverges,inf,inf,,not_applicable,not_applicable,analysed,10.622846517000085
computational_fluid_dynamics_problem,ex10hs,2548.0,57308.0,False,False,False,True,True,False,False,False,4.10909594152262,0.9999999366252328,6.348525401256757,spd,False,True,diverges,too_slow,inf,290662687.5436241,,arpack,arpack,analysed,1.9382823019999478
circuit_simulation_problem,rajat03,7602.0,32653.0,False,False,False,True,False,False,False,False,,,,none,False,False,diverges,diverges,inf,inf,,not_applicable,not_applicable,analysed,0.0967165899999145
optimization_problem,c-30,5321.0,65693.0,False,False,False,True,False,False,False,True,1572289.1071107492,2472093090973.747,1726253.9756745994,property_a_proxy,False,False,diverges,diverges,inf,inf,,arpack,arpack,analysed,0.09041898299994955
optimization_problem,c-35,6537.0,62891.0,False,False,False,True,False,False,False,True,3288024.6288902587,10811105960955.67,3328505.013442044,property_a_proxy,False,False,diverges,diverges,inf,inf,,arpack,arpack,analysed,0.4296398719999388
random_matrices,rand_078_n190,190.0,36100.0,False,False,False,False,False,False,False,False,135.29060882648872,6.938452733134404e+51,566.4967467950388,none,False,False,diverges,diverges,inf,inf,,exact_eig,exact_eig,analysed,0.10620990000006714
power_network_problem,LeGresley_4908,4908.0,30482.0,False,False,False,False,False,False,False,False,,,,none,False,False,diverges,diverges,inf,inf,,not_applicable,not_applicable,analysed,0.12852320300009978
optimization_problem,c-36,7479.0,65941.0,False,False,False,True,False,False,False,True,3987577.2762576286,15900772545739.828,4096085.169450879,property_a_proxy,False,False,diverges,diverges,inf,inf,,arpack,arpack,analysed,0.11559722200001943
computational_fluid_dynamics_problem,cavity09,1182.0,32747.0,False,False,False,False,False,False,False,False,,,,none,False,False,diverges,diverges,inf,inf,,not_applicable,not_applicable,analysed,0.029684867000014492
computational_fluid_dynamics_problem,cavity07,1182.0,32747.0,False,False,False,False,False,False,False,False,,,,none,False,False,diverges,diverges,inf,inf,,not_applicable,not_applicable,analysed,0.029298900999947364
optimization_problem,c-34,6611.0,64333.0,False,False,False,True,False,False,False,True,923876.5445605844,853547869975.928,1144060.5094782535,property_a_proxy,False,False,diverges,diverges,inf,inf,,arpack,arpack,analysed,0.08760212600009254
undirected_weighted_graph,yeast_30NN,1484.0,62350.0,False,False,False,True,False,False,False,False,,,,none,False,False,diverges,diverges,inf,inf,,not_applicable,not_applicable,analysed,2.0297732720000567
computational_fluid_dynamics_problem,cavity05,1182.0,32747.0,False,False,False,False,False,False,False,False,,,,none,False,False,diverges,diverges,inf,inf,,not_applicable,not_applicable,analysed,0.035866793999957736
economic_problem,mbeaflw,496.0,49920.0,,,,,,,,,,,,,,,,,,,,,,structurally_singular,0.02686628499998278
circuit_simulation_problem,rajat13,7598.0,48922.0,False,False,False,False,False,False,False,False,,,,none,False,False,diverges,diverges,inf,inf,,not_applicable,not_applicable,analysed,0.05733870000005936
random_matrices,rand_079_n198,198.0,39204.0,False,False,False,False,False,False,False,False,234.9097849483221,4.101466662961371e+41,610.8178200805869,none,False,False,diverges,diverges,inf,inf,,exact_eig,exact_eig,analysed,0.12098546200002147
computational_fluid_dynamics_problem,ex14,3251.0,66775.0,False,False,False,True,False,False,False,False,,,,none,False,False,diverges,diverges,inf,inf,,not_applicable,not_applicable,analysed,9.018737679999958
structural_problem,nasa2146,2146.0,72250.0,False,False,False,True,True,False,False,False,3.4870868757578575,0.9893349917939384,3.765712806779198,spd,False,True,diverges,converges,inf,1717.980567465169,,arpack,arpack,analysed,1.2699446899999884
eigenvalue_model_reduction_problem,bips98_606,7135.0,34738.0,False,False,False,False,False,False,False,False,,,,none,False,False,diverges,diverges,inf,inf,,not_applicable,not_applicable,analysed,0.04981497800008583
economic_problem,mbeacxc,496.0,49920.0,,,,,,,,,,,,,,,,,,,,,,structurally_singular,0.02383370199993351
optimization_problem,c-37,8204.0,74676.0,False,False,False,True,False,False,False,True,831504.4137762272,691399589711.0215,838693.9846296906,property_a_proxy,False,False,diverges,diverges,inf,inf,,arpack,arpack,analysed,0.46306147200004943
random_matrices,rand_080_n207,207.0,42849.0,False,False,False,False,False,False,False,False,927.0865896894197,9.304057473544867e+56,2043.5162731946248,none,False,False,diverges,diverges,inf,inf,,exact_eig,exact_eig,analysed,0.1341418419999627
random_matrices,rand_081_n208,208.0,43264.0,False,False,False,False,False,False,False,False,107.02197124876967,6.019450985342012e+60,619.360702846911,none,False,False,diverges,diverges,inf,inf,,exact_eig,exact_eig,analysed,0.1398083560000032
circuit_simulation_problem,circuit_1,2624.0,35823.0,False,False,False,False,False,False,False,False,,,,none,False,False,diverges,diverges,inf,inf,,not_applicable,not_applicable,analysed,0.11764784599995437
optimization_problem,c-38,8127.0,77689.0,False,False,False,True,False,False,False,True,947036.5886472602,896878273369.6733,1007280.3958635348,property_a_proxy,False,False,diverges,diverges,inf,inf,,arpack,arpack,analysed,0.14817821700000877
computational_fluid_dynamics_problem,bcsstk13,2003.0,83883.0,False,False,False,True,True,False,False,False,3.4255609782145795,0.9999842842357343,5.501118113316943,spd,False,True,diverges,too_slow,inf,1172105.6440251574,,arpack,arpack,analysed,10.022142067000118
computational_fluid_dynamics_problem,ex13,2568.0,75628.0,False,False,False,True,True,False,False,False,7.693130579581767,1.0000000832476048,8.298868581490892,spd,False,False,diverges,diverges,inf,inf,,arpack,arpack,analysed,5.330245287000025
optimization_problem,c-31,5339.0,78571.0,False,False,False,True,False,False,False,True,625618.7762182566,391398855950.519,676844.6972204469,property_a_proxy,False,False,diverges,diverges,inf,inf,,arpack,arpack,analysed,0.1365706249998766
materials_problem,viscoplastic1,4326.0,61166.0,False,False,False,False,False,False,False,True,28.735308239113685,825.7179673429223,28.793978750800637,property_a_proxy,False,False,diverges,diverges,inf,inf,,arpack,arpack,analysed,0.10900448300003518
optimization_problem,c-40,9941.0,81501.0,False,False,False,True,False,False,False,True,4804471.002390928,23082941540013.08,5249451.505604753,property_a_proxy,False,False,diverges,diverges,inf,inf,,arpack,arpack,analysed,0.1201498679999986
eigenvalue_model_reduction_problem,bips98_1142,9735.0,40983.0,False,False,False,False,False,False,False,False,,,,none,False,False,diverges,diverges,inf,inf,,not_applicable,not_applicable,analysed,0.05126938900002642
structural_problem,sts4098,4098.0,72356.0,False,False,False,True,True,False,False,False,4.131452557346305,0.9983961071355749,4.138749082565251,spd,False,True,diverges,too_slow,inf,11475.76923679842,,arpack,arpack,analysed,11.438289263000115
random_matrices,rand_082_n215,215.0,46225.0,False,False,False,False,False,False,False,False,121.66422492843728,1.3439223923191796e+66,732.3413891091599,none,False,False,diverges,diverges,inf,inf,,exact_eig,exact_eig,analysed,0.14302093499986768
economic_problem,g7jac020sc,5850.0,45465.0,False,False,False,False,False,False,False,False,,,,none,False,False,diverges,diverges,inf,inf,,not_applicable,not_applicable,analysed,0.06280656400008411
computational_fluid_dynamics_problem,ex27,974.0,40782.0,False,False,False,False,False,False,False,False,,,,none,False,False,diverges,diverges,inf,inf,,not_applicable,not_applicable,analysed,0.035540626999818414
electromagnetics_problem,dw4096,8192.0,41746.0,False,False,False,False,False,False,False,False,8.156751808247174,85.1437926163101,25.938578327597295,none,False,False,diverges,diverges,inf,inf,,arpack,arpack,analysed,0.13280772799998886
electromagnetics_problem,dw8192,8192.0,41746.0,False,False,False,False,False,False,False,False,8.156751807207753,94.93851860096916,25.938578325716996,none,False,False,diverges,diverges,inf,inf,,arpack,arpack,analysed,0.12339420700004666
economic_problem,g7jac020,5850.0,45465.0,False,False,False,False,False,False,False,False,,,,none,False,False,diverges,diverges,inf,inf,,not_applicable,not_applicable,analysed,0.04432294000002912
random_matrices,rand_083_n218,218.0,47524.0,False,False,False,False,False,False,False,False,494.16360955223524,8.001975897633245e+68,1602.3634534599207,none,False,False,diverges,diverges,inf,inf,,exact_eig,exact_eig,analysed,0.1334101949998967
structural_problem,Chebyshev3,4101.0,36879.0,False,False,False,False,False,False,False,False,85024.5062778213,695040211.9673766,85758.3062540169,none,False,False,diverges,diverges,inf,inf,,arpack,arpack,analysed,0.06970718900015527
2d_3d_problem,shermanACd,6136.0,53329.0,False,False,False,False,False,False,False,False,1767770.2280812135,1.7410722832735746e+28,1767770.658661603,none,False,False,diverges,diverges,inf,inf,,arpack,arpack,analysed,0.08166274899986092
model_reduction_problem,flowmeter0,9669.0,67391.0,False,False,False,True,False,False,False,True,0.99978559061473,0.9995933694126311,1.0464612817839736,property_a_proxy,True,True,too_slow,too_slow,85904.38271519057,45291.56402899515,1.9594264892390005,arpack,arpack,analysed,0.4544245959998534
directed_weighted_graph,cage9,3534.0,41594.0,False,False,False,False,False,True,False,False,0.9511408896073905,0.24353982246207148,0.9511408895908994,h_matrix,True,True,converges,converges,367.72906144569936,13.041422502564444,1.5281673339229338,arpack,arpack,analysed,0.06943934399987484
computational_fluid_dynamics_problem,ex12,3973.0,80211.0,False,False,False,True,False,False,False,False,,,,none,False,False,diverges,diverges,inf,inf,,not_applicable,not_applicable,analysed,10.486384482999938
computational_fluid_dynamics_problem,ex23,1409.0,43703.0,False,False,False,False,False,False,False,False,,,,none,False,False,diverges,diverges,inf,inf,,not_applicable,not_applicable,analysed,0.039011904999824765
undirected_weighted_graph,optdigits_10NN,5620.0,79650.0,False,False,False,True,False,False,False,False,,,,none,False,False,diverges,diverges,inf,inf,,not_applicable,not_applicable,analysed,0.07803507699986767
optimal_control_problem,kineticBatchReactor_4,7105.0,74869.0,False,False,False,True,False,False,False,False,,,,none,False,False,diverges,diverges,inf,inf,,not_applicable,not_applicable,analysed,16.43359644400016
random_matrices,rand_084_n223,223.0,49729.0,False,False,False,False,False,False,False,False,223.56970494398038,4.395026611928591e+59,819.2377158957853,none,False,False,diverges,diverges,inf,inf,,exact_eig,exact_eig,analysed,0.14205579800000123
chemical_process_simulation_problem,bayer03,6747.0,56196.0,False,False,False,False,False,False,False,False,,,,none,False,False,diverges,diverges,inf,inf,,not_applicable,not_applicable,analysed,0.07857956799989552
electromagnetics_problem,utm3060,3060.0,42211.0,False,False,False,False,False,False,False,False,4.236445113122254,12.3849956525417,5.108339945251506,none,False,False,diverges,diverges,inf,inf,,arpack,arpack,analysed,0.06544409100001758
random_matrices,rand_085_n225,225.0,50625.0,False,False,False,False,False,False,False,False,270.5446579598385,3.587327388695293e+64,867.8519055687452,none,False,False,diverges,diverges,inf,inf,,exact_eig,exact_eig,analysed,0.1839111290000801
acoustics_problem,aft01,8205.0,125567.0,False,False,False,True,True,False,False,False,2.775764984452047,0.9999579477355963,2.8141479366267137,spd,False,True,diverges,too_slow,inf,438033.33035157743,,arpack,arpack,analysed,33.13311530199985
random_matrices,rand_086_n229,229.0,52441.0,False,False,False,False,False,False,False,False,313.87881742011336,7.894666935318957e+63,866.0730188858652,none,False,False,diverges,diverges,inf,inf,,exact_eig,exact_eig,analysed,0.15577684499999123
counter_example_problem,TS,2142.0,45262.0,False,False,False,False,False,False,False,False,,,,none,False,False,diverges,diverges,inf,inf,,not_applicable,not_applicable,analysed,0.058078534999822296
structural_problem,msc04515,4515.0,97707.0,False,False,False,True,True,False,False,False,3.774973239667256,0.9999964843569593,4.614342691168433,spd,False,True,diverges,too_slow,inf,5239624.202595755,,arpack,arpack,analysed,16.060590071000206
optimal_control_problem,kineticBatchReactor_5,7641.0,80767.0,False,False,False,True,False,False,False,False,,,,none,False,False,diverges,diverges,inf,inf,,not_applicable,not_applicable,analysed,18.912487316999886
optimal_control_problem,lowThrust_3,7064.0,80645.0,False,False,False,True,False,False,False,False,,,,none,False,False,diverges,diverges,inf,inf,,not_applicable,not_applicable,analysed,0.06376348699996015
random_matrices,rand_087_n234,234.0,54756.0,False,False,False,False,False,False,False,False,135.93517343761175,4.059041447969382e+59,723.1532711997368,none,False,False,diverges,diverges,inf,inf,,exact_eig,exact_eig,analysed,0.15860471199994208
optimal_control_problem,kineticBatchReactor_6,7773.0,82500.0,False,False,False,True,False,False,False,False,,,,none,False,False,diverges,diverges,inf,inf,,not_applicable,not_applicable,analysed,18.32702044499979
economic_problem,mark3jac020sc,9129.0,56175.0,False,False,False,False,False,False,False,False,,,,none,False,False,diverges,diverges,inf,inf,,not_applicable,not_applicable,analysed,0.06488502599995627
computational_fluid_dynamics_problem,ex24,2283.0,48737.0,False,False,False,False,False,False,False,False,,,,none,False,False,diverges,diverges,inf,inf,,not_applicable,not_applicable,analysed,0.04125906099989152
economic_problem,mark3jac020,9129.0,56175.0,False,False,False,False,False,False,False,False,,,,none,False,False,diverges,diverges,inf,inf,,not_applicable,not_applicable,analysed,0.057289495000077295
optimal_control_problem,kineticBatchReactor_7,7968.0,84508.0,False,False,False,True,False,False,False,False,,,,none,False,False,diverges,diverges,inf,inf,,not_applicable,not_applicable,analysed,19.970305053999937
optimal_control_problem,kineticBatchReactor_8,8052.0,85194.0,False,False,False,True,False,False,False,False,,,,none,False,False,diverges,diverges,inf,inf,,not_applicable,not_applicable,analysed,19.174193405000096
counter_example_problem,Kaufhold,8765.0,42471.0,False,False,False,True,False,False,False,True,352418.1244307853,124198534427.31259,352418.12443078554,property_a_proxy,False,False,diverges,diverges,inf,inf,,arpack,arpack,analysed,23.38492941200002
computational_fluid_dynamics_problem,ex7,1633.0,54543.0,False,False,False,True,True,False,False,False,4.075745112360532,0.9999999965696287,6.239789210484813,spd,False,True,diverges,too_slow,inf,5369879523.876825,,exact_eig,exact_eig,analysed,16.556265753999924
random_matrices,rand_088_n239,239.0,57121.0,False,False,False,False,False,False,False,False,149.11869840576244,1.4070667921444293e+57,612.1008834211233,none,False,False,diverges,diverges,inf,inf,,exact_eig,exact_eig,analysed,0.17586187999995673
optimal_control_problem,kineticBatchReactor_9,8115.0,86183.0,False,False,False,True,False,False,False,False,,,,none,False,False,diverges,diverges,inf,inf,,not_applicable,not_applicable,analysed,20.005382568000186
optimization_problem,c-41,9769.0,101745.0,False,False,False,True,False,False,False,True,9319291.757561304,86849198863202.69,9321649.122201055,property_a_proxy,False,False,diverges,diverges,inf,inf,,arpack,arpack,analysed,0.7926039929998296
power_network_problem,TSOPF_RS_b9_c6,7224.0,54082.0,False,False,False,False,False,False,False,False,,,,none,False,False,diverges,diverges,inf,inf,,not_applicable,not_applicable,analysed,0.05155369299995982
computational_fluid_dynamics_problem,ex9,3363.0,99471.0,False,False,False,True,True,False,False,False,4.094358098190491,0.9999999773757855,6.412280765497753,spd,False,True,diverges,too_slow,inf,814201992.9171097,,arpack,arpack,analysed,11.662924945999976
materials_problem,cryg10000,10000.0,49699.0,False,False,False,False,False,False,False,True,173.71210648966422,30175.89594107724,173.71210648966428,property_a_proxy,False,False,diverges,diverges,inf,inf,,arpack,arpack,analysed,0.08952373799979796
random_matrices,rand_089_n244,244.0,59536.0,False,False,False,False,False,False,False,False,82.45437446650664,1.769684376584964e+64,607.5614532731231,none,False,False,diverges,diverges,inf,inf,,exact_eig,exact_eig,analysed,0.16365963099997316
computational_fluid_dynamics,Goodwin_013,1965.0,56069.0,False,False,False,False,False,False,False,False,,,,none,False,False,diverges,diverges,inf,inf,,not_applicable,not_applicable,analysed,0.05590697499997077
computational_fluid_dynamics_problem,ex36,3079.0,53843.0,False,False,False,False,False,False,False,False,,,,none,False,False,diverges,diverges,inf,inf,,not_applicable,not_applicable,analysed,0.04151184499983174
computational_fluid_dynamics_problem,ex15,6867.0,98671.0,False,False,False,True,True,False,False,False,2.992365509014466,0.9999998622610989,3.963919021574938,spd,False,True,diverges,too_slow,inf,133736216.37184921,,arpack,arpack,analysed,18.936495065000145
2d_3d_problem,cz5108,5108.0,51412.0,False,False,False,False,False,False,False,True,0.9999975608848296,0.9999951358269075,1.0218369361483237,property_a_proxy,True,True,too_slow,too_slow,7552188.802912076,3787002.5578451226,1.995592394393927,arpack,arpack,analysed,1.5032536480000545
chemical_process_simulation_problem,rdist2,3198.0,56934.0,False,False,False,False,False,False,False,False,,,,none,False,False,diverges,diverges,inf,inf,,not_applicable,not_applicable,analysed,0.050135675000092306
random_matrices,rand_090_n254,254.0,64516.0,False,False,False,False,False,False,False,False,93.69329713100936,1.69140031640281e+66,602.5141642799734,none,False,False,diverges,diverges,inf,inf,,exact_eig,exact_eig,analysed,0.1833118290001039
structural_problem,bcsstk15,3948.0,117816.0,False,False,False,True,True,False,False,False,3.1744256004372615,0.9998982762012123,3.3207508020467227,spd,False,True,diverges,too_slow,inf,181076.0513938215,,arpack,arpack,analysed,13.501186571999824
random_matrices,rand_091_n259,259.0,67081.0,False,False,False,False,False,False,False,False,165.64154084182454,5.361545840658228e+66,781.3565394017244,none,False,False,diverges,diverges,inf,inf,,exact_eig,exact_eig,analysed,0.21058538300007967
random_matrices,rand_092_n261,261.0,68121.0,False,False,False,False,False,False,False,False,89.50874644262237,4.12537877688991e+60,583.5402545839237,none,False,False,diverges,diverges,inf,inf,,exact_eig,exact_eig,analysed,0.20981860000006236
random_matrices,rand_093_n262,262.0,68644.0,False,False,False,False,False,False,False,False,255.21691725452538,4.108180422256696e+70,1132.2079446733524,none,False,False,diverges,diverges,inf,inf,,exact_eig,exact_eig,analysed,0.20194233500001246
chemical_process_simulation_problem,rdist3a,2398.0,61896.0,False,False,False,False,False,False,False,False,,,,none,False,False,diverges,diverges,inf,inf,,not_applicable,not_applicable,analysed,0.05848275700009253
circuit_simulation_problem,meg1,2904.0,58142.0,False,False,False,False,False,False,False,False,,,,none,False,False,diverges,diverges,inf,inf,,not_applicable,not_applicable,analysed,0.04612199899997904
random_matrices,rand_094_n265,265.0,70225.0,False,False,False,False,False,False,False,False,132.70976944903944,1.642696677690779e+71,720.4067190376538,none,False,False,diverges,diverges,inf,inf,,exact_eig,exact_eig,analysed,0.19493164999994406
materials_problem,crystm01,4875.0,105339.0,False,False,False,True,True,False,False,False,2.375612827200466,0.7247382045822758,2.375612828172479,spd,False,True,diverges,converges,inf,57.216894070940356,,arpack,arpack,analysed,0.4701382310001918
computational_fluid_dynamics_problem,garon1,3175.0,88927.0,False,False,False,False,False,False,False,False,,,,none,False,False,diverges,diverges,inf,inf,,not_applicable,not_applicable,analysed,0.05426164499999686
optimization_problem,c-39,9271.0,136811.0,False,False,False,True,False,False,False,True,1970375.0198205898,3882377712062.5615,1979991.2103331492,property_a_proxy,False,False,diverges,diverges,inf,inf,,arpack,arpack,analysed,0.36648303500010115
electromagnetics_problem,mhd3200a,3200.0,68026.0,False,False,False,False,False,False,False,False,,,,none,False,False,diverges,diverges,inf,inf,,not_applicable,not_applicable,analysed,0.05142379400012942
random_matrices,rand_095_n276,276.0,76176.0,False,False,False,False,False,False,False,False,420.65497085890007,8.744409357628106e+79,1492.486459218637,none,False,False,diverges,diverges,inf,inf,,exact_eig,exact_eig,analysed,0.2084682800000337
computational_fluid_dynamics_problem,ex37,3565.0,67591.0,False,False,False,False,False,False,False,False,1.2591391053400005,0.5101534750312179,1.58548895294072,none,False,True,diverges,converges,inf,27.369220816387102,,arpack,arpack,analysed,0.10801918800007115
undirected_weighted_graph,indianpines_10NN,9144.0,124656.0,False,False,False,True,False,False,False,False,,,,none,False,False,diverges,diverges,inf,inf,,not_applicable,not_applicable,analysed,0.12001458700001422
random_matrices,rand_096_n277,277.0,76729.0,False,False,False,False,False,False,False,False,133.16161665622474,9.964272416565193e+77,839.4475205911981,none,False,False,diverges,diverges,inf,inf,,exact_eig,exact_eig,analysed,0.21017332599990368
random_matrices,rand_097_n280,280.0,78400.0,False,False,False,False,False,False,False,False,261.7120476382831,5.866886763751173e+75,918.6851199216107,none,False,False,diverges,diverges,inf,inf,,exact_eig,exact_eig,analysed,0.23102713200000835
undirected_weighted_graph,JapaneseVowelsSmall_10NN,9961.0,131144.0,False,False,False,True,False,False,False,False,,,,none,False,False,diverges,diverges,inf,inf,,not_applicable,not_applicable,analysed,0.3676799730001221
economic_problem,orani678,2529.0,90158.0,False,False,False,False,False,False,False,False,,,,none,False,False,diverges,diverges,inf,inf,,not_applicable,not_applicable,analysed,0.06022474799988231
thermal_problem,thermal,3456.0,66528.0,False,False,False,False,False,False,False,False,1.2133340211139119,0.5964523480894721,1.2133341118689798,none,False,True,diverges,converges,inf,35.64677210222497,,arpack,power_iteration_unconverged,analysed,8.463004505999834
random_matrices,rand_098_n288,288.0,82944.0,False,False,False,False,False,False,False,False,82.7210761026962,2.8743414059508464e+67,617.21817034143,none,False,False,diverges,diverges,inf,inf,,exact_eig,exact_eig,analysed,0.356501820999938
model_reduction_problem,flowmeter5,9669.0,67391.0,False,False,False,False,False,False,False,True,0.9997958407952744,0.9995918467234193,1.0464598301652188,property_a_proxy,True,True,too_slow,too_slow,90217.82940892977,45122.5613374016,1.9603886635381398,arpack,arpack,analysed,0.6190892140000415
computational_fluid_dynamics_problem,ex18,5773.0,71805.0,False,False,False,False,False,False,False,False,2.9932439790985557,5.644172967556605,4.142678192529713,none,False,False,diverges,diverges,inf,inf,,arpack,arpack,analysed,0.16386423899984948
computational_fluid_dynamics_problem,cavity15,2597.0,76367.0,False,False,False,False,False,False,False,False,,,,none,False,False,diverges,diverges,inf,inf,,not_applicable,not_applicable,analysed,0.09635563200004071
computational_fluid_dynamics_problem,cavity13,2597.0,76367.0,False,False,False,False,False,False,False,False,,,,none,False,False,diverges,diverges,inf,inf,,not_applicable,not_applicable,analysed,0.05453751899995041
computational_fluid_dynamics_problem,cavity11,2597.0,76367.0,False,False,False,False,False,False,False,False,,,,none,False,False,diverges,diverges,inf,inf,,not_applicable,not_applicable,analysed,0.05396278699981849
computational_fluid_dynamics_problem,ex20,2203.0,69981.0,False,False,False,False,False,False,False,False,,,,none,False,False,diverges,diverges,inf,inf,,not_applicable,not_applicable,analysed,0.07917402100019899
structural_problem,bcsstk24,3562.0,159910.0,False,False,False,True,True,False,False,False,6.11981213831952,0.9999989805028857,6.227141248516883,spd,False,True,diverges,too_slow,inf,18068389.891374156,,arpack,arpack,analysed,20.38007749999997
random_matrices,rand_099_n293,293.0,85849.0,False,False,False,False,False,False,False,False,171.22485613052535,3.3329462507190435e+78,884.4827211063538,none,False,False,diverges,diverges,inf,inf,,exact_eig,exact_eig,analysed,0.264577442000018
chemical_process_simulation_problem,lhr04,4101.0,82682.0,False,False,False,False,False,False,False,False,,,,none,False,False,diverges,diverges,inf,inf,,not_applicable,not_applicable,analysed,0.0809372109999913
chemical_process_simulation_problem,lhr04c,4101.0,82682.0,False,False,False,False,False,False,False,False,,,,none,False,False,diverges,diverges,inf,inf,,not_applicable,not_applicable,analysed,0.0604709990000174
computational_fluid_dynamics_problem,cavity14,2597.0,76367.0,False,False,False,False,False,False,False,False,,,,none,False,False,diverges,diverges,inf,inf,,not_applicable,not_applicable,analysed,0.08528492799996457
computational_fluid_dynamics_problem,cavity12,2597.0,76367.0,False,False,False,False,False,False,False,False,,,,none,False,False,diverges,diverges,inf,inf,,not_applicable,not_applicable,analysed,0.058013592999941466
computational_fluid_dynamics_problem,cavity10,2597.0,76367.0,False,False,False,False,False,False,False,False,,,,none,False,False,diverges,diverges,inf,inf,,not_applicable,not_applicable,analysed,0.05299903899981473
computational_fluid_dynamics_problem,ex28,2603.0,77781.0,False,False,False,False,False,False,False,False,,,,none,False,False,diverges,diverges,inf,inf,,not_applicable,not_applicable,analysed,0.05410452600017379
undirected_weighted_graph,mnist_test_norm_10NN,10000.0,145600.0,False,False,False,True,False,False,False,False,,,,none,False,False,diverges,diverges,inf,inf,,not_applicable,not_applicable,analysed,0.12916511100002026
random_matrices,rand_100_n300,300.0,90000.0,False,False,False,False,False,False,False,False,672.0964887550847,1.006222680713656e+73,2669.078646594712,none,False,False,diverges,diverges,inf,inf,,exact_eig,exact_eig,analysed,0.24925118199985263
computational_fluid_dynamics_problem,cavity20,,,,,,,,,,,,,,,,,,,,,,,,failed: ValueError: Truncated file. Expected another 56843 lines.,0.04479109199996856
undirected_weighted_graph,kmnist_norm_10NN,10000.0,156932.0,False,False,False,True,False,False,False,False,,,,none,False,False,diverges,diverges,inf,inf,,not_applicable,not_applicable,analysed,0.21966300600001887
undirected_weighted_graph,Fashion_MNIST_norm_10NN,10000.0,158304.0,False,False,False,True,False,False,False,False,,,,none,False,False,diverges,diverges,inf,inf,,not_applicable,not_applicable,analysed,0.12088691199983259
computational_fluid_dynamics_problem,ex26,2163.0,94033.0,False,False,False,False,False,False,False,False,,,,none,False,False,diverges,diverges,inf,inf,,not_applicable,not_applicable,analysed,0.060241493000148694
electromagnetics_problem,utm5940,5940.0,83842.0,False,False,False,False,False,False,False,False,5.654148806747582,22.42560139942077,7.036632449532036,none,False,False,diverges,diverges,inf,inf,,arpack,arpack,analysed,0.0991882959999657
chemical_process_simulation_problem,rdist1,4134.0,94408.0,False,False,False,False,False,False,False,False,,,,none,False,False,diverges,diverges,inf,inf,,not_applicable,not_applicable,analysed,0.06516799199994239
structural_problem,t2d_q4,9801.0,87025.0,False,False,True,False,False,True,True,True,0.9992600191367028,0.998520676826432,0.9992600191458368,m_matrix,True,True,too_slow,too_slow,24884.244094394504,12442.887829443249,1.92592293122416,arpack,arpack,analysed,0.3598524080000516
structural_problem,t2d_q9,9801.0,87025.0,False,False,True,False,False,True,True,True,0.9992600191376398,0.9985206773528548,0.9992600191428356,m_matrix,True,True,too_slow,too_slow,24884.244125916764,12442.892260573075,1.9259229312693087,arpack,arpack,analysed,0.37477300800014746
computational_fluid_dynamics,Goodwin_017,3317.0,97773.0,False,False,False,False,False,False,False,False,,,,none,False,False,diverges,diverges,inf,inf,,not_applicable,not_applicable,analysed,0.06721302300002208
theoretical_quantum_chemistry_problem,SiH4,5041.0,171903.0,False,False,False,True,False,False,False,False,1.4349765915995814,1.1479941209790783,1.4603681717853096,none,False,False,diverges,diverges,inf,inf,,arpack,arpack,analysed,0.2714065950001441
computational_fluid_dynamics_problem,ex8,3096.0,106344.0,False,False,False,False,False,False,False,False,4.104135653931329,0.9999997461264603,6.405716439565621,none,False,True,diverges,too_slow,inf,72558480.98273402,,arpack,arpack,analysed,6.66722833599988
electromagnetics_problem,mhd4800a,4800.0,102252.0,False,False,False,False,False,False,False,False,,,,none,False,False,diverges,diverges,inf,inf,,not_applicable,not_applicable,analysed,0.07638332500005163
model_reduction_problem,piston,2025.0,100015.0,False,False,False,False,False,False,False,False,31.502492401873816,0.9977932250466078,31.502492411448117,none,False,True,diverges,converges,inf,8338.117162086837,,arpack,power_iteration,analysed,5.924621745999957
structural_problem,bcsstk28,4410.0,219024.0,False,False,False,True,True,False,False,False,4.577950534649347,0.9999990050910856,6.623158283888482,spd,False,True,diverges,too_slow,inf,18514932.68835116,,arpack,arpack,analysed,24.420026691999965
structural_problem,Muu,7102.0,170134.0,False,False,False,True,True,False,False,False,1.1795873857430856,0.48064339342060447,1.5752202527969912,spd,False,True,diverges,converges,inf,25.143236080697754,,arpack,arpack,analysed,2.107131225999865
structural_problem,comsol,1500.0,97645.0,False,False,False,False,False,False,False,False,2.228128776563452,0.9999955776063687,3.768642305991423,none,False,True,diverges,too_slow,inf,4165309.9085991015,,exact_eig,exact_eig,analysed,6.131203661999962
computational_fluid_dynamics_problem,ex31,3909.0,115357.0,False,False,False,False,False,False,False,False,,,,none,False,False,diverges,diverges,inf,inf,,not_applicable,not_applicable,analysed,0.09763541699999223
theoretical_quantum_chemistry_problem,SiNa,5743.0,198787.0,False,False,False,True,False,False,False,False,1.4286368009530548,1.152164009942984,1.6059818362478022,none,False,False,diverges,diverges,inf,inf,,arpack,arpack,analysed,0.23716903900003672
structural_problem,s3rmt3m3,5357.0,207695.0,False,False,False,True,True,False,False,False,5.364143244845372,0.9999999435045431,5.457793739365662,spd,False,True,diverges,too_slow,inf,326055956.4385178,,arpack,arpack,analysed,29.09546661399986
structural_problem,s1rmt3m1,5489.0,219521.0,False,False,False,True,True,False,False,False,2.649726668974495,0.9999862352708646,3.0880458253630234,spd,False,True,diverges,too_slow,inf,1338243.1128601073,,arpack,arpack,analysed,23.371486217999973
structural_problem,s2rmt3m1,5489.0,219521.0,False,False,False,True,True,False,False,False,3.7909759433166883,0.9999994330210519,4.501103121872661,spd,False,True,diverges,too_slow,inf,32489170.158467438,,arpack,arpack,analysed,25.189294107000023
structural_problem,s3rmt3m1,5489.0,219521.0,False,False,False,True,True,False,False,False,3.748404373357236,0.9999998436446725,4.219282142376868,spd,False,True,diverges,too_slow,inf,117812930.34750806,,arpack,arpack,analysed,28.506486962000054
theoretical_quantum_chemistry_problem,nemeth25,,,,,,,,,,,,,,,,,,,,,,,,failed: ValueError: Line 113076: Invalid integer value.,0.048414355999966574
structural_problem,raefsky6,3402.0,137845.0,False,False,False,False,False,True,False,False,0.07202068585386191,0.048770771891576394,0.16831456905480044,h_matrix,True,True,converges,converges,7.001926203576542,6.098302947549831,1.001300118834284,arpack,arpack,analysed,5.11275680100016
theoretical_quantum_chemistry_problem,benzene,8219.0,242669.0,False,False,False,True,False,False,False,False,1.3536957186260008,1.0721532297960765,1.3536957209411475,none,False,False,diverges,diverges,inf,inf,,arpack,arpack,analysed,0.38638648200003445
computational_fluid_dynamics_problem,cavity25,4562.0,138187.0,False,False,False,False,False,False,False,False,,,,none,False,False,diverges,diverges,inf,inf,,not_applicable,not_applicable,analysed,0.08373257399989598
computational_fluid_dynamics_problem,cavity23,4562.0,138187.0,False,False,False,False,False,False,False,False,,,,none,False,False,diverges,diverges,inf,inf,,not_applicable,not_applicable,analysed,0.08052447899990511
computational_fluid_dynamics_problem,cavity21,4562.0,138187.0,False,False,False,False,False,False,False,False,,,,none,False,False,diverges,diverges,inf,inf,,not_applicable,not_applicable,analysed,0.08442272999991474
computational_fluid_dynamics_problem,cavity19,4562.0,138187.0,False,False,False,False,False,False,False,False,,,,none,False,False,diverges,diverges,inf,inf,,not_applicable,not_applicable,analysed,0.07773813900007553
structural_problem,bcsstk16,4884.0,290378.0,False,False,False,True,True,False,False,False,2.3844917438225974,0.9915671104655686,2.8281481393921477,spd,False,True,diverges,converges,inf,2175.1620556539137,,arpack,arpack,analysed,3.2506258539999635
computational_fluid_dynamics_problem,cavity17,4562.0,138187.0,False,False,False,False,False,False,False,False,,,,none,False,False,diverges,diverges,inf,inf,,not_applicable,not_applicable,analysed,0.15791834999981802
structural_problem,s1rmq4m1,5489.0,281111.0,False,False,False,True,True,False,False,False,3.315186414497419,0.9999800107341089,3.610842952468449,spd,False,True,diverges,too_slow,inf,921519.41625889,,arpack,arpack,analysed,26.68388440700005
computational_fluid_dynamics_problem,cavity26,4562.0,138187.0,False,False,False,False,False,False,False,False,,,,none,False,False,diverges,diverges,inf,inf,,not_applicable,not_applicable,analysed,0.08774300599998242
computational_fluid_dynamics_problem,cavity24,4562.0,138187.0,False,False,False,False,False,False,False,False,,,,none,False,False,diverges,diverges,inf,inf,,not_applicable,not_applicable,analysed,0.08213459599983253
computational_fluid_dynamics_problem,cavity22,4562.0,138187.0,False,False,False,False,False,False,False,False,,,,none,False,False,diverges,diverges,inf,inf,,not_applicable,not_applicable,analysed,0.08297017699987919
chemical_process_simulation_problem,lhr07,7337.0,156508.0,False,False,False,False,False,False,False,False,,,,none,False,False,diverges,diverges,inf,inf,,not_applicable,not_applicable,analysed,0.09370943799990528
computational_fluid_dynamics_problem,cavity18,4562.0,138187.0,False,False,False,False,False,False,False,False,,,,none,False,False,diverges,diverges,inf,inf,,not_applicable,not_applicable,analysed,0.0797906730001614
chemical_process_simulation_problem,lhr07c,7337.0,156508.0,False,False,False,False,False,False,False,False,,,,none,False,False,diverges,diverges,inf,inf,,not_applicable,not_applicable,analysed,0.12202142899991486
structural_problem,s2rmq4m1,5489.0,281111.0,False,False,False,True,True,False,False,False,2.3417491927562026,0.9999992128502075,3.6575932267795155,spd,False,True,diverges,too_slow,inf,23401738.36101159,,arpack,arpack,analysed,27.709415919000094
computational_fluid_dynamics_problem,cavity16,4562.0,138187.0,False,False,False,False,False,False,False,False,,,,none,False,False,diverges,diverges,inf,inf,,not_applicable,not_applicable,analysed,0.09142496300000857
structural_problem,s3rmq4m1,5489.0,281111.0,False,False,False,True,True,False,False,False,2.6696961574989824,0.9999999691539193,3.7732606759336895,spd,False,True,diverges,too_slow,inf,597180583.3341047,,arpack,arpack,analysed,32.86938684799998
structural_problem,bcsstk38,8032.0,355460.0,False,False,False,True,True,False,False,False,3.8299759753682454,0.9999995712768702,4.608242578161849,spd,False,True,diverges,too_slow,inf,42966370.40537488,,arpack,arpack,analysed,95.6525045599999
theoretical_quantum_chemistry_problem,nemeth22,,,,,,,,,,,,,,,,,,,,,,,,failed: ValueError: Line 141340: Invalid integer value.,0.05392305400005171
structural_problem,raefsky5,6316.0,168658.0,False,False,False,False,False,True,False,False,0.11467310615200951,0.0,0.17821898075189585,h_matrix,True,True,converges,converges,8.505766271032874,1.0,1.00330927467152,arpack,power_iteration,analysed,39.039733251999905
theoretical_quantum_chemistry_problem,Na5,5832.0,305630.0,False,False,False,True,False,False,False,False,1.3775907620847747,1.030872725708899,1.5115297135700643,none,False,False,diverges,diverges,inf,inf,,arpack,arpack,analysed,0.5029515369999444
computational_fluid_dynamics,Goodwin_023,6005.0,182168.0,False,False,False,False,False,False,False,False,,,,none,False,False,diverges,diverges,inf,inf,,not_applicable,not_applicable,analysed,0.11509801600004721
computational_fluid_dynamics_problem,windtunnel_evap2d,8256.0,233468.0,False,False,False,False,False,False,False,False,,,,none,False,False,diverges,diverges,inf,inf,,not_applicable,not_applicable,analysed,0.12681271699989338
materials_problem,crystk01,4875.0,315891.0,False,False,False,True,False,False,False,False,3.5321746791427526,0.999999998976279,3.6094937880594524,none,False,True,diverges,too_slow,inf,17993848705.8334,,arpack,arpack,analysed,31.904365380999934
computational_fluid_dynamics_problem,coater2,9540.0,207308.0,,,,,,,,,,,,,,,,,,,,,,structurally_singular,0.11413740300008612
structural_problem,Kuu,7102.0,340200.0,False,False,False,True,True,False,False,False,2.105170494597992,0.999522051445427,2.878300372486491,spd,False,True,diverges,too_slow,inf,38531.92597432442,,arpack,arpack,analysed,4.307269113000075
computational_fluid_dynamics_problem,goodwin,7320.0,324784.0,False,False,False,False,False,False,False,False,,,,none,False,False,diverges,diverges,inf,inf,,not_applicable,not_applicable,analysed,0.16648824000003515
power_network_problem,TSOPF_RS_b162_c1,5374.0,205399.0,False,False,False,False,False,False,False,False,,,,none,False,False,diverges,diverges,inf,inf,,not_applicable,not_applicable,analysed,0.12151810099999238
theoretical_quantum_chemistry_problem,nemeth08,9506.0,394816.0,True,True,False,True,False,True,False,False,0.1815652593566162,0.03712522682204753,0.30756807998517754,strict_diag_dominant,True,True,converges,converges,10.79669856801935,5.593111417729419,1.0083801951512035,arpack,power_iteration_unconverged,analysed,65.27553944400006
theoretical_quantum_chemistry_problem,nemeth09,9506.0,395506.0,True,True,False,True,False,True,False,False,0.2533799810394757,0.0555782082627038,0.43478572460435705,strict_diag_dominant,True,True,converges,converges,13.41769258748539,6.374017169692646,1.0165872316001563,arpack,power_iteration_unconverged,analysed,82.64708946199994
theoretical_quantum_chemistry_problem,nemeth07,9506.0,394812.0,True,True,False,True,False,True,False,False,0.12947890400596618,0.024809891977899776,0.21734336733481519,strict_diag_dominant,True,True,converges,converges,9.011028520474486,4.98325896997627,1.0042267013948105,arpack,power_iteration,analysed,68.32475747300009
theoretical_quantum_chemistry_problem,nemeth06,9506.0,394808.0,True,True,False,True,False,True,False,False,0.091998721505767,0.01685703603096705,0.15343636231968433,strict_diag_dominant,True,True,converges,converges,7.720381613304716,4.511569620232342,1.0021249432538737,arpack,power_iteration_unconverged,analysed,94.56128729600027
theoretical_quantum_chemistry_problem,nemeth05,9506.0,394808.0,True,True,False,True,False,True,False,False,0.06519162684452172,0.011708954976625673,0.10823310162242042,strict_diag_dominant,True,True,converges,converges,6.746453707758641,4.141897549917798,1.0010647508251265,arpack,power_iteration_unconverged,analysed,93.9446400730003
theoretical_quantum_chemistry_problem,nemeth02,9506.0,394808.0,True,True,False,True,False,True,False,False,0.02297118460319137,0.004015950828132428,0.03786829841813,strict_diag_dominant,True,True,converges,converges,4.881571226873418,3.338603300011203,1.000131953647157,arpack,power_iteration_unconverged,analysed,99.33124047399997
theoretical_quantum_chemistry_problem,nemeth04,9506.0,394808.0,True,True,False,True,False,True,False,False,0.046104860977435116,0.007544678515953658,0.07629901025957095,strict_diag_dominant,True,True,converges,converges,5.986888938367642,3.769390105944391,1.0005319801057675,arpack,power_iteration_unconverged,analysed,95.7623172929998
theoretical_quantum_chemistry_problem,nemeth03,9506.0,394808.0,True,True,False,True,False,True,False,False,0.032560056785924336,0.005224661723467752,0.05376163356924499,strict_diag_dominant,True,True,converges,converges,5.378820778664434,3.5057861329836393,1.0002651799093214,arpack,power_iteration_unconverged,analysed,102.08022004199984
theoretical_quantum_chemistry_problem,nemeth10,9506.0,401448.0,True,True,False,True,False,True,False,False,0.3514223843381094,0.09131064947195551,0.614067700173628,strict_diag_dominant,True,True,converges,converges,17.614527163295705,7.696166371263765,1.0329420616365643,arpack,power_iteration_unconverged,analysed,92.10295868699995
theoretical_quantum_chemistry_problem,nemeth11,9506.0,408264.0,False,False,False,True,False,True,False,False,0.48374688467286364,0.15000782577591223,0.8671106923949965,h_matrix,True,True,converges,converges,25.366078583677822,9.710080263897607,1.066548380697302,arpack,power_iteration,analysed,69.51956307799992
theoretical_quantum_chemistry_problem,nemeth12,9506.0,446818.0,False,False,False,True,False,False,False,False,0.6624697032027151,0.26453956463697603,1.2264994550382613,none,True,True,converges,converges,44.73422815871425,13.852589200404113,1.1434525824447026,arpack,power_iteration_unconverged,analysed,57.0936938990003
theoretical_quantum_chemistry_problem,nemeth17,,,,,,,,,,,,,,,,,,,,,,,,failed: ValueError: Truncated file. Expected another 88871 lines.,0.07326302100000248
theoretical_quantum_chemistry_problem,nemeth13,9506.0,474472.0,False,False,False,True,False,False,False,False,0.9121387510189625,0.5303572953469134,1.745061060117305,none,True,True,converges,converges,200.30499716036604,29.045339296250994,1.4185588683087682,arpack,power_iteration,analysed,60.85135880100006
computational_fluid_dynamics_problem,raefsky2,3242.0,294276.0,False,False,False,False,False,False,False,False,2.3319565837228984,1.0259898958116564,4.140671407739937,none,False,False,diverges,diverges,inf,inf,,arpack,arpack,analysed,0.3326496589997987
computational_fluid_dynamics_problem,raefsky1,3242.0,294276.0,False,False,False,False,False,False,False,False,2.554672515912548,0.9994240910439035,3.2959743644092767,none,False,True,diverges,too_slow,inf,31976.19297671991,,arpack,arpack,analysed,0.3352730970000266
theoretical_quantum_chemistry_problem,nemeth14,9506.0,496144.0,False,False,False,True,False,False,False,False,1.2764589245906783,1.1996357543265823,2.5194938257238415,none,False,False,diverges,diverges,inf,inf,,arpack,power_iteration_unconverged,analysed,56.72775445200023
materials_problem,sinc12,7500.0,294986.0,False,False,False,False,False,False,False,False,,,,none,False,False,diverges,diverges,inf,inf,,not_applicable,not_applicable,analysed,0.19944249399986802
theoretical_quantum_chemistry_problem,nemeth15,9506.0,539802.0,False,False,False,True,False,False,False,False,1.9141321351934688,3.3198492538419955,3.758500473856272,none,False,False,diverges,diverges,inf,inf,,arpack,power_iteration_unconverged,analysed,68.18492690500034
theoretical_quantum_chemistry_problem,nemeth16,9506.0,587012.0,False,False,False,True,False,False,False,False,3.536701528632838,16.80243030633341,6.039587161138057,none,False,False,diverges,diverges,inf,inf,,arpack,power_iteration_unconverged,analysed,68.61994528600007
economic_problem,psmigr_2,,,,,,,,,,,,,,,,,,,,,,,,failed: ValueError: Line 442467: Invalid integer value.,0.09387605399979293
computational_fluid_dynamics_problem,graham1,9035.0,335504.0,False,False,False,False,False,False,False,False,,,,none,False,False,diverges,diverges,inf,inf,,not_applicable,not_applicable,analysed,0.20993647900013457
theoretical_quantum_chemistry_problem,nemeth18,9506.0,695234.0,False,False,False,True,False,False,False,False,181.3202956958404,inf,211.29478131090377,none,False,False,diverges,diverges,inf,inf,,arpack,power_iteration_unconverged,analysed,30.72952416199996
theoretical_quantum_chemistry_problem,nemeth01,9506.0,725054.0,False,False,False,True,False,False,False,False,1.9159509901030851,3.0789351168143146,3.7937433033466803,none,False,False,diverges,diverges,inf,inf,,arpack,arpack,analysed,19.240886678999686
economic_problem,psmigr_3,3140.0,543162.0,False,False,False,False,False,False,False,False,,,,none,False,False,diverges,diverges,inf,inf,,not_applicable,not_applicable,analysed,0.26764643200021965
computational_fluid_dynamics_problem,GT01R,7980.0,430909.0,False,False,False,False,False,False,False,False,19.18809309918154,1.1575480381801312e+19,22.861229837125542,none,False,False,diverges,diverges,inf,inf,,arpack,arpack,analysed,0.5143490169998586
theoretical_quantum_chemistry_problem,nemeth19,9506.0,818302.0,False,False,False,True,False,False,False,False,466.105637715149,inf,1310.2745063662087,none,False,False,diverges,diverges,inf,inf,,arpack,power_iteration_unconverged,analysed,80.70544497400033
power_network_problem,TSC_OPF_300,9774.0,820804.0,False,False,False,True,False,False,False,False,,,,none,False,False,diverges,diverges,inf,inf,,not_applicable,not_applicable,analysed,0.4803587169999446
computational_fluid_dynamics_problem,ex40,7740.0,458012.0,False,False,False,False,False,False,False,False,,,,none,False,False,diverges,diverges,inf,inf,,not_applicable,not_applicable,analysed,0.3028899310002089
theoretical_quantum_chemistry_problem,nemeth20,9506.0,971870.0,False,False,False,True,False,False,False,False,54.089335785828375,inf,89.35550969465152,none,False,False,diverges,diverges,inf,inf,,arpack,power_iteration_unconverged,analysed,97.48425643900009
electromagnetics_problem,fp,7548.0,848553.0,False,False,False,False,False,False,False,False,7.755389917039523,28.785110454671404,9.439930299053254,none,False,False,diverges,diverges,inf,inf,,arpack,arpack,analysed,0.7814184339999883
theoretical_quantum_chemistry_problem,nemeth21,9506.0,1173746.0,False,False,False,True,False,False,False,False,50.599177771816656,inf,63.12568622696559,none,False,False,diverges,diverges,inf,inf,,arpack,power_iteration_unconverged,analysed,120.08304908900027
2d_3d_problem,heart2,2339.0,682797.0,False,False,False,False,False,False,False,False,,,,none,False,False,diverges,diverges,inf,inf,,not_applicable,not_applicable,analysed,0.3937963990001663
2d_3d_problem,heart3,2339.0,682797.0,False,False,False,False,False,False,False,False,,,,none,False,False,diverges,diverges,inf,inf,,not_applicable,not_applicable,analysed,0.3582268559998738
theoretical_quantum_chemistry_problem,nemeth23,,,,,,,,,,,,,,,,,,,,,,,,failed: ValueError: Truncated file. Expected another 142193 lines.,0.2866279320001013
theoretical_quantum_chemistry_problem,nemeth24,9506.0,1506550.0,False,False,False,True,False,False,False,False,28.862541252207123,inf,45.49476042354095,none,False,False,diverges,diverges,inf,inf,,arpack,power_iteration_unconverged,analysed,148.661405243
theoretical_quantum_chemistry_problem,nemeth26,9506.0,1511760.0,False,False,False,True,False,False,False,False,28.863163180848154,inf,45.485206831704964,none,False,False,diverges,diverges,inf,inf,,arpack,power_iteration_unconverged,analysed,3.608355884000048
optimization_problem,exdata_1,6001.0,2269501.0,False,False,False,True,False,False,False,False,,,,none,False,False,diverges,diverges,inf,inf,,not_applicable,not_applicable,analysed,0.9057606520000263
power_network_problem,TSC_OPF_1047,8140.0,2016902.0,False,False,False,True,False,False,False,False,,,,none,False,False,diverges,diverges,inf,inf,,not_applicable,not_applicable,analysed,0.9571625489998041
2d_3d_problem,heart1,3557.0,1387773.0,False,False,False,False,False,False,False,False,,,,none,False,False,diverges,diverges,inf,inf,,not_applicable,not_applicable,analysed,0.6416551430002073
2d_3d_problem,nd3k,9000.0,3279690.0,False,False,False,True,True,False,False,False,3.7402867304819605,0.9999993952175456,3.9182594097879986,spd,False,True,diverges,too_slow,inf,30458349.176911864,,arpack,arpack,analysed,315.8191854749998
